date,total_qty,lag_1,lag_7,rolling_mean_7,day_of_week,day_of_month,month,is_weekend
2020-01-08,3306,3258.0,3328.0,3202.8571428571427,2,8,1,0
2020-01-09,3077,3306.0,2988.0,3215.5714285714284,3,9,1,0
2020-01-10,3205,3077.0,3272.0,3206.0,4,10,1,0
2020-01-11,3094,3205.0,3016.0,3217.1428571428573,5,11,1,1
2020-01-12,3035,3094.0,3380.0,3167.8571428571427,6,12,1,1
2020-01-13,3365,3035.0,3200.0,3191.4285714285716,0,13,1,0
2020-01-14,3010,3365.0,3258.0,3156.0,1,14,1,0
2020-01-15,3093,3010.0,3306.0,3125.5714285714284,2,15,1,0
2020-01-16,3043,3093.0,3077.0,3120.714285714286,3,16,1,0
2020-01-17,3360,3043.0,3205.0,3142.8571428571427,4,17,1,0
2020-01-18,3073,3360.0,3094.0,3139.8571428571427,5,18,1,1
2020-01-19,3186,3073.0,3035.0,3161.4285714285716,6,19,1,1
2020-01-20,3424,3186.0,3365.0,3169.8571428571427,0,20,1,0
2020-01-21,3247,3424.0,3010.0,3203.714285714286,1,21,1,0
2020-01-22,3288,3247.0,3093.0,3231.5714285714284,2,22,1,0
2020-01-23,3118,3288.0,3043.0,3242.285714285714,3,23,1,0
2020-01-24,3079,3118.0,3360.0,3202.1428571428573,4,24,1,0
2020-01-25,3044,3079.0,3073.0,3198.0,5,25,1,1
2020-01-26,3220,3044.0,3186.0,3202.8571428571427,6,26,1,1
2020-01-27,3315,3220.0,3424.0,3187.285714285714,0,27,1,0
2020-01-28,3318,3315.0,3247.0,3197.4285714285716,1,28,1,0
2020-01-29,3086,3318.0,3288.0,3168.5714285714284,2,29,1,0
2020-01-30,3281,3086.0,3118.0,3191.8571428571427,3,30,1,0
2020-01-31,3189,3281.0,3079.0,3207.5714285714284,4,31,1,0
2020-02-01,3296,3189.0,3044.0,3243.5714285714284,5,1,2,1
2020-02-02,3083,3296.0,3220.0,3224.0,6,2,2,1
2020-02-03,3225,3083.0,3315.0,3211.1428571428573,0,3,2,0
2020-02-04,3163,3225.0,3318.0,3189.0,1,4,2,0
2020-02-05,3101,3163.0,3086.0,3191.1428571428573,2,5,2,0
2020-02-06,3292,3101.0,3281.0,3192.714285714286,3,6,2,0
2020-02-07,3162,3292.0,3189.0,3188.8571428571427,4,7,2,0
2020-02-08,3251,3162.0,3296.0,3182.4285714285716,5,8,2,1
2020-02-09,3225,3251.0,3083.0,3202.714285714286,6,9,2,1
2020-02-10,3332,3225.0,3225.0,3218.0,0,10,2,0
2020-02-11,2840,3332.0,3163.0,3171.8571428571427,1,11,2,0
2020-02-12,3088,2840.0,3101.0,3170.0,2,12,2,0
2020-02-13,3149,3088.0,3292.0,3149.5714285714284,3,13,2,0
2020-02-14,3331,3149.0,3162.0,3173.714285714286,4,14,2,0
2020-02-15,3162,3331.0,3251.0,3161.0,5,15,2,1
2020-02-16,3276,3162.0,3225.0,3168.285714285714,6,16,2,1
2020-02-17,3111,3276.0,3332.0,3136.714285714286,0,17,2,0
2020-02-18,2958,3111.0,2840.0,3153.5714285714284,1,18,2,0
2020-02-19,3068,2958.0,3088.0,3150.714285714286,2,19,2,0
2020-02-20,3366,3068.0,3149.0,3181.714285714286,3,20,2,0
2020-02-21,3304,3366.0,3331.0,3177.8571428571427,4,21,2,0
2020-02-22,3210,3304.0,3162.0,3184.714285714286,5,22,2,1
2020-02-23,3094,3210.0,3276.0,3158.714285714286,6,23,2,1
2020-02-24,2978,3094.0,3111.0,3139.714285714286,0,24,2,0
2020-02-25,3235,2978.0,2958.0,3179.285714285714,1,25,2,0
2020-02-26,3407,3235.0,3068.0,3227.714285714286,2,26,2,0
2020-02-27,3059,3407.0,3366.0,3183.8571428571427,3,27,2,0
2020-02-28,3034,3059.0,3304.0,3145.285714285714,4,28,2,0
2020-02-29,3262,3034.0,3210.0,3152.714285714286,5,29,2,1
2020-03-01,3289,3262.0,3094.0,3180.5714285714284,6,1,3,1
2020-03-02,3259,3289.0,2978.0,3220.714285714286,0,2,3,0
2020-03-03,3198,3259.0,3235.0,3215.4285714285716,1,3,3,0
2020-03-04,3281,3198.0,3407.0,3197.4285714285716,2,4,3,0
2020-03-05,3347,3281.0,3059.0,3238.5714285714284,3,5,3,0
2020-03-06,2780,3347.0,3034.0,3202.285714285714,4,6,3,0
2020-03-07,3171,2780.0,3262.0,3189.285714285714,5,7,3,1
2020-03-08,3022,3171.0,3289.0,3151.1428571428573,6,8,3,1
2020-03-09,2989,3022.0,3259.0,3112.5714285714284,0,9,3,0
2020-03-10,3195,2989.0,3198.0,3112.1428571428573,1,10,3,0
2020-03-11,3293,3195.0,3281.0,3113.8571428571427,2,11,3,0
2020-03-12,2975,3293.0,3347.0,3060.714285714286,3,12,3,0
2020-03-13,3426,2975.0,2780.0,3153.0,4,13,3,0
2020-03-14,3357,3426.0,3171.0,3179.5714285714284,5,14,3,1
2020-03-15,3123,3357.0,3022.0,3194.0,6,15,3,1
2020-03-16,3430,3123.0,2989.0,3257.0,0,16,3,0
2020-03-17,3323,3430.0,3195.0,3275.285714285714,1,17,3,0
2020-03-18,3163,3323.0,3293.0,3256.714285714286,2,18,3,0
2020-03-19,3214,3163.0,2975.0,3290.8571428571427,3,19,3,0
2020-03-20,3375,3214.0,3426.0,3283.5714285714284,4,20,3,0
2020-03-21,3166,3375.0,3357.0,3256.285714285714,5,21,3,1
2020-03-22,3305,3166.0,3123.0,3282.285714285714,6,22,3,1
2020-03-23,3035,3305.0,3430.0,3225.8571428571427,0,23,3,0
2020-03-24,3341,3035.0,3323.0,3228.4285714285716,1,24,3,0
2020-03-25,3238,3341.0,3163.0,3239.1428571428573,2,25,3,0
2020-03-26,3211,3238.0,3214.0,3238.714285714286,3,26,3,0
2020-03-27,3543,3211.0,3375.0,3262.714285714286,4,27,3,0
2020-03-28,3067,3543.0,3166.0,3248.5714285714284,5,28,3,1
2020-03-29,3250,3067.0,3305.0,3240.714285714286,6,29,3,1
2020-03-30,3484,3250.0,3035.0,3304.8571428571427,0,30,3,0
2020-03-31,3513,3484.0,3341.0,3329.4285714285716,1,31,3,0
2020-04-01,3452,3513.0,3238.0,3360.0,2,1,4,0
2020-04-02,3082,3452.0,3211.0,3341.5714285714284,3,2,4,0
2020-04-03,3294,3082.0,3543.0,3306.0,4,3,4,0
2020-04-04,3004,3294.0,3067.0,3297.0,5,4,4,1
2020-04-05,3272,3004.0,3250.0,3300.1428571428573,6,5,4,1
2020-04-06,3406,3272.0,3484.0,3289.0,0,6,4,0
2020-04-07,3138,3406.0,3513.0,3235.4285714285716,1,7,4,0
2020-04-08,3162,3138.0,3452.0,3194.0,2,8,4,0
2020-04-09,3158,3162.0,3082.0,3204.8571428571427,3,9,4,0
2020-04-10,3394,3158.0,3294.0,3219.1428571428573,4,10,4,0
2020-04-11,3042,3394.0,3004.0,3224.5714285714284,5,11,4,1
2020-04-12,3205,3042.0,3272.0,3215.0,6,12,4,1
2020-04-13,3146,3205.0,3406.0,3177.8571428571427,0,13,4,0
2020-04-14,2935,3146.0,3138.0,3148.8571428571427,1,14,4,0
2020-04-15,3123,2935.0,3162.0,3143.285714285714,2,15,4,0
2020-04-16,3308,3123.0,3158.0,3164.714285714286,3,16,4,0
2020-04-17,3257,3308.0,3394.0,3145.1428571428573,4,17,4,0
2020-04-18,3103,3257.0,3042.0,3153.8571428571427,5,18,4,1
2020-04-19,3274,3103.0,3205.0,3163.714285714286,6,19,4,1
2020-04-20,3238,3274.0,3146.0,3176.8571428571427,0,20,4,0
2020-04-21,3097,3238.0,2935.0,3200.0,1,21,4,0
2020-04-22,3096,3097.0,3123.0,3196.1428571428573,2,22,4,0
2020-04-23,3244,3096.0,3308.0,3187.0,3,23,4,0
2020-04-24,3474,3244.0,3257.0,3218.0,4,24,4,0
2020-04-25,3129,3474.0,3103.0,3221.714285714286,5,25,4,1
2020-04-26,3503,3129.0,3274.0,3254.4285714285716,6,26,4,1
2020-04-27,3181,3503.0,3238.0,3246.285714285714,0,27,4,0
2020-04-28,3463,3181.0,3097.0,3298.5714285714284,1,28,4,0
2020-04-29,3307,3463.0,3096.0,3328.714285714286,2,29,4,0
2020-04-30,3263,3307.0,3244.0,3331.4285714285716,3,30,4,0
2020-05-01,3369,3263.0,3474.0,3316.4285714285716,4,1,5,0
2020-05-02,3162,3369.0,3129.0,3321.1428571428573,5,2,5,1
2020-05-03,3080,3162.0,3503.0,3260.714285714286,6,3,5,1
2020-05-04,3170,3080.0,3181.0,3259.1428571428573,0,4,5,0
2020-05-05,3173,3170.0,3463.0,3217.714285714286,1,5,5,0
2020-05-06,2966,3173.0,3307.0,3169.0,2,6,5,0
2020-05-07,3178,2966.0,3263.0,3156.8571428571427,3,7,5,0
2020-05-08,3194,3178.0,3369.0,3131.8571428571427,4,8,5,0
2020-05-09,3506,3194.0,3162.0,3181.0,5,9,5,1
2020-05-10,3324,3506.0,3080.0,3215.8571428571427,6,10,5,1
2020-05-11,3388,3324.0,3170.0,3247.0,0,11,5,0
2020-05-12,3354,3388.0,3173.0,3272.8571428571427,1,12,5,0
2020-05-13,3204,3354.0,2966.0,3306.8571428571427,2,13,5,0
2020-05-14,3238,3204.0,3178.0,3315.4285714285716,3,14,5,0
2020-05-15,2932,3238.0,3194.0,3278.0,4,15,5,0
2020-05-16,3314,2932.0,3506.0,3250.5714285714284,5,16,5,1
2020-05-17,3158,3314.0,3324.0,3226.8571428571427,6,17,5,1
2020-05-18,2854,3158.0,3388.0,3150.5714285714284,0,18,5,0
2020-05-19,3364,2854.0,3354.0,3152.0,1,19,5,0
2020-05-20,3322,3364.0,3204.0,3168.8571428571427,2,20,5,0
2020-05-21,3367,3322.0,3238.0,3187.285714285714,3,21,5,0
2020-05-22,3217,3367.0,2932.0,3228.0,4,22,5,0
2020-05-23,3167,3217.0,3314.0,3207.0,5,23,5,1
2020-05-24,3372,3167.0,3158.0,3237.5714285714284,6,24,5,1
2020-05-25,2787,3372.0,2854.0,3228.0,0,25,5,0
2020-05-26,3144,2787.0,3364.0,3196.5714285714284,1,26,5,0
2020-05-27,3203,3144.0,3322.0,3179.5714285714284,2,27,5,0
2020-05-28,3214,3203.0,3367.0,3157.714285714286,3,28,5,0
2020-05-29,3198,3214.0,3217.0,3155.0,4,29,5,0
2020-05-30,3249,3198.0,3167.0,3166.714285714286,5,30,5,1
2020-05-31,3219,3249.0,3372.0,3144.8571428571427,6,31,5,1
2020-06-01,2970,3219.0,2787.0,3171.0,0,1,6,0
2020-06-02,3039,2970.0,3144.0,3156.0,1,2,6,0
2020-06-03,3282,3039.0,3203.0,3167.285714285714,2,3,6,0
2020-06-04,3319,3282.0,3214.0,3182.285714285714,3,4,6,0
2020-06-05,3383,3319.0,3198.0,3208.714285714286,4,5,6,0
2020-06-06,3260,3383.0,3249.0,3210.285714285714,5,6,6,1
2020-06-07,3167,3260.0,3219.0,3202.8571428571427,6,7,6,1
2020-06-08,3113,3167.0,2970.0,3223.285714285714,0,8,6,0
2020-06-09,3398,3113.0,3039.0,3274.5714285714284,1,9,6,0
2020-06-10,3256,3398.0,3282.0,3270.8571428571427,2,10,6,0
2020-06-11,3470,3256.0,3319.0,3292.4285714285716,3,11,6,0
2020-06-12,3422,3470.0,3383.0,3298.0,4,12,6,0
2020-06-13,3078,3422.0,3260.0,3272.0,5,13,6,1
2020-06-14,3341,3078.0,3167.0,3296.8571428571427,6,14,6,1
2020-06-15,3009,3341.0,3113.0,3282.0,0,15,6,0
2020-06-16,3063,3009.0,3398.0,3234.1428571428573,1,16,6,0
2020-06-17,3212,3063.0,3256.0,3227.8571428571427,2,17,6,0
2020-06-18,3230,3212.0,3470.0,3193.5714285714284,3,18,6,0
2020-06-19,3320,3230.0,3422.0,3179.0,4,19,6,0
2020-06-20,3093,3320.0,3078.0,3181.1428571428573,5,20,6,1
2020-06-21,3137,3093.0,3341.0,3152.0,6,21,6,1
2020-06-22,3373,3137.0,3009.0,3204.0,0,22,6,0
2020-06-23,3441,3373.0,3063.0,3258.0,1,23,6,0
2020-06-24,3153,3441.0,3212.0,3249.5714285714284,2,24,6,0
2020-06-25,3087,3153.0,3230.0,3229.1428571428573,3,25,6,0
2020-06-26,3077,3087.0,3320.0,3194.4285714285716,4,26,6,0
2020-06-27,3350,3077.0,3093.0,3231.1428571428573,5,27,6,1
2020-06-28,3141,3350.0,3137.0,3231.714285714286,6,28,6,1
2020-06-29,3335,3141.0,3373.0,3226.285714285714,0,29,6,0
2020-06-30,3602,3335.0,3441.0,3249.285714285714,1,30,6,0
2020-07-01,3098,3602.0,3153.0,3241.4285714285716,2,1,7,0
2020-07-02,3365,3098.0,3087.0,3281.1428571428573,3,2,7,0
2020-07-03,3294,3365.0,3077.0,3312.1428571428573,4,3,7,0
2020-07-04,3128,3294.0,3350.0,3280.4285714285716,5,4,7,1
2020-07-05,3176,3128.0,3141.0,3285.4285714285716,6,5,7,1
2020-07-06,3084,3176.0,3335.0,3249.5714285714284,0,6,7,0
2020-07-07,3433,3084.0,3602.0,3225.4285714285716,1,7,7,0
2020-07-08,3441,3433.0,3098.0,3274.4285714285716,2,8,7,0
2020-07-09,3157,3441.0,3365.0,3244.714285714286,3,9,7,0
2020-07-10,3237,3157.0,3294.0,3236.5714285714284,4,10,7,0
2020-07-11,3108,3237.0,3128.0,3233.714285714286,5,11,7,1
2020-07-12,3165,3108.0,3176.0,3232.1428571428573,6,12,7,1
2020-07-13,3103,3165.0,3084.0,3234.8571428571427,0,13,7,0
2020-07-14,3259,3103.0,3433.0,3210.0,1,14,7,0
2020-07-15,3207,3259.0,3441.0,3176.5714285714284,2,15,7,0
2020-07-16,3400,3207.0,3157.0,3211.285714285714,3,16,7,0
2020-07-17,3132,3400.0,3237.0,3196.285714285714,4,17,7,0
2020-07-18,3205,3132.0,3108.0,3210.1428571428573,5,18,7,1
2020-07-19,2976,3205.0,3165.0,3183.1428571428573,6,19,7,1
2020-07-20,2975,2976.0,3103.0,3164.8571428571427,0,20,7,0
2020-07-21,3560,2975.0,3259.0,3207.8571428571427,1,21,7,0
2020-07-22,3286,3560.0,3207.0,3219.1428571428573,2,22,7,0
2020-07-23,3288,3286.0,3400.0,3203.1428571428573,3,23,7,0
2020-07-24,3598,3288.0,3132.0,3269.714285714286,4,24,7,0
2020-07-25,3345,3598.0,3205.0,3289.714285714286,5,25,7,1
2020-07-26,3208,3345.0,2976.0,3322.8571428571427,6,26,7,1
2020-07-27,3098,3208.0,2975.0,3340.4285714285716,0,27,7,0
2020-07-28,3501,3098.0,3560.0,3332.0,1,28,7,0
2020-07-29,3391,3501.0,3286.0,3347.0,2,29,7,0
2020-07-30,3154,3391.0,3288.0,3327.8571428571427,3,30,7,0
2020-07-31,3116,3154.0,3598.0,3259.0,4,31,7,0
2020-08-01,3175,3116.0,3345.0,3234.714285714286,5,1,8,1
2020-08-02,3361,3175.0,3208.0,3256.5714285714284,6,2,8,1
2020-08-03,3077,3361.0,3098.0,3253.5714285714284,0,3,8,0
2020-08-04,3007,3077.0,3501.0,3183.0,1,4,8,0
2020-08-05,3017,3007.0,3391.0,3129.5714285714284,2,5,8,0
2020-08-06,3164,3017.0,3154.0,3131.0,3,6,8,0
2020-08-07,3447,3164.0,3116.0,3178.285714285714,4,7,8,0
2020-08-08,3299,3447.0,3175.0,3196.0,5,8,8,1
2020-08-09,3245,3299.0,3361.0,3179.4285714285716,6,9,8,1
2020-08-10,3170,3245.0,3077.0,3192.714285714286,0,10,8,0
2020-08-11,3285,3170.0,3007.0,3232.4285714285716,1,11,8,0
2020-08-12,3251,3285.0,3017.0,3265.8571428571427,2,12,8,0
2020-08-13,3074,3251.0,3164.0,3253.0,3,13,8,0
2020-08-14,3371,3074.0,3447.0,3242.1428571428573,4,14,8,0
2020-08-15,3157,3371.0,3299.0,3221.8571428571427,5,15,8,1
2020-08-16,3177,3157.0,3245.0,3212.1428571428573,6,16,8,1
2020-08-17,3347,3177.0,3170.0,3237.4285714285716,0,17,8,0
2020-08-18,3194,3347.0,3285.0,3224.4285714285716,1,18,8,0
2020-08-19,3294,3194.0,3251.0,3230.5714285714284,2,19,8,0
2020-08-20,3197,3294.0,3074.0,3248.1428571428573,3,20,8,0
2020-08-21,3457,3197.0,3371.0,3260.4285714285716,4,21,8,0
2020-08-22,3075,3457.0,3157.0,3248.714285714286,5,22,8,1
2020-08-23,3142,3075.0,3177.0,3243.714285714286,6,23,8,1
2020-08-24,3278,3142.0,3347.0,3233.8571428571427,0,24,8,0
2020-08-25,2996,3278.0,3194.0,3205.5714285714284,1,25,8,0
2020-08-26,3302,2996.0,3294.0,3206.714285714286,2,26,8,0
2020-08-27,3382,3302.0,3197.0,3233.1428571428573,3,27,8,0
2020-08-28,2995,3382.0,3457.0,3167.1428571428573,4,28,8,0
2020-08-29,3247,2995.0,3075.0,3191.714285714286,5,29,8,1
2020-08-30,3009,3247.0,3142.0,3172.714285714286,6,30,8,1
2020-08-31,3580,3009.0,3278.0,3215.8571428571427,0,31,8,0
2020-09-01,3315,3580.0,2996.0,3261.4285714285716,1,1,9,0
2020-09-02,3122,3315.0,3302.0,3235.714285714286,2,2,9,0
2020-09-03,3300,3122.0,3382.0,3224.0,3,3,9,0
2020-09-04,3072,3300.0,2995.0,3235.0,4,4,9,0
2020-09-05,3052,3072.0,3247.0,3207.1428571428573,5,5,9,1
2020-09-06,3167,3052.0,3009.0,3229.714285714286,6,6,9,1
2020-09-07,3029,3167.0,3580.0,3151.0,0,7,9,0
2020-09-08,3161,3029.0,3315.0,3129.0,1,8,9,0
2020-09-09,3373,3161.0,3122.0,3164.8571428571427,2,9,9,0
2020-09-10,3129,3373.0,3300.0,3140.4285714285716,3,10,9,0
2020-09-11,3166,3129.0,3072.0,3153.8571428571427,4,11,9,0
2020-09-12,3338,3166.0,3052.0,3194.714285714286,5,12,9,1
2020-09-13,3546,3338.0,3167.0,3248.8571428571427,6,13,9,1
2020-09-14,3439,3546.0,3029.0,3307.4285714285716,0,14,9,0
2020-09-15,3118,3439.0,3161.0,3301.285714285714,1,15,9,0
2020-09-16,3020,3118.0,3373.0,3250.8571428571427,2,16,9,0
2020-09-17,2899,3020.0,3129.0,3218.0,3,17,9,0
2020-09-18,3219,2899.0,3166.0,3225.5714285714284,4,18,9,0
2020-09-19,3333,3219.0,3338.0,3224.8571428571427,5,19,9,1
2020-09-20,3176,3333.0,3546.0,3172.0,6,20,9,1
2020-09-21,3043,3176.0,3439.0,3115.4285714285716,0,21,9,0
2020-09-22,3029,3043.0,3118.0,3102.714285714286,1,22,9,0
2020-09-23,3383,3029.0,3020.0,3154.5714285714284,2,23,9,0
2020-09-24,3296,3383.0,2899.0,3211.285714285714,3,24,9,0
2020-09-25,3240,3296.0,3219.0,3214.285714285714,4,25,9,0
2020-09-26,3700,3240.0,3333.0,3266.714285714286,5,26,9,1
2020-09-27,3497,3700.0,3176.0,3312.5714285714284,6,27,9,1
2020-09-28,3225,3497.0,3043.0,3338.5714285714284,0,28,9,0
2020-09-29,3347,3225.0,3029.0,3384.0,1,29,9,0
2020-09-30,3097,3347.0,3383.0,3343.1428571428573,2,30,9,0
2020-10-01,3163,3097.0,3296.0,3324.1428571428573,3,1,10,0
2020-10-02,3142,3163.0,3240.0,3310.1428571428573,4,2,10,0
2020-10-03,2892,3142.0,3700.0,3194.714285714286,5,3,10,1
2020-10-04,3089,2892.0,3497.0,3136.4285714285716,6,4,10,1
2020-10-05,3266,3089.0,3225.0,3142.285714285714,0,5,10,0
2020-10-06,3418,3266.0,3347.0,3152.4285714285716,1,6,10,0
2020-10-07,3245,3418.0,3097.0,3173.5714285714284,2,7,10,0
2020-10-08,3359,3245.0,3163.0,3201.5714285714284,3,8,10,0
2020-10-09,3330,3359.0,3142.0,3228.4285714285716,4,9,10,0
2020-10-10,3240,3330.0,2892.0,3278.1428571428573,5,10,10,1
2020-10-11,3151,3240.0,3089.0,3287.0,6,11,10,1
2020-10-12,3291,3151.0,3266.0,3290.5714285714284,0,12,10,0
2020-10-13,3049,3291.0,3418.0,3237.8571428571427,1,13,10,0
2020-10-14,3276,3049.0,3245.0,3242.285714285714,2,14,10,0
2020-10-15,3247,3276.0,3359.0,3226.285714285714,3,15,10,0
2020-10-16,3073,3247.0,3330.0,3189.5714285714284,4,16,10,0
2020-10-17,3211,3073.0,3240.0,3185.4285714285716,5,17,10,1
2020-10-18,3070,3211.0,3151.0,3173.8571428571427,6,18,10,1
2020-10-19,3283,3070.0,3291.0,3172.714285714286,0,19,10,0
2020-10-20,3269,3283.0,3049.0,3204.1428571428573,1,20,10,0
2020-10-21,2964,3269.0,3276.0,3159.5714285714284,2,21,10,0
2020-10-22,2990,2964.0,3247.0,3122.8571428571427,3,22,10,0
2020-10-23,3203,2990.0,3073.0,3141.4285714285716,4,23,10,0
2020-10-24,3069,3203.0,3211.0,3121.1428571428573,5,24,10,1
2020-10-25,3413,3069.0,3070.0,3170.1428571428573,6,25,10,1
2020-10-26,3022,3413.0,3283.0,3132.8571428571427,0,26,10,0
2020-10-27,3022,3022.0,3269.0,3097.5714285714284,1,27,10,0
2020-10-28,3436,3022.0,2964.0,3165.0,2,28,10,0
2020-10-29,3233,3436.0,2990.0,3199.714285714286,3,29,10,0
2020-10-30,3158,3233.0,3203.0,3193.285714285714,4,30,10,0
2020-10-31,3391,3158.0,3069.0,3239.285714285714,5,31,10,1
2020-11-01,3374,3391.0,3413.0,3233.714285714286,6,1,11,1
2020-11-02,3482,3374.0,3022.0,3299.4285714285716,0,2,11,0
2020-11-03,3479,3482.0,3022.0,3364.714285714286,1,3,11,0
2020-11-04,3007,3479.0,3436.0,3303.4285714285716,2,4,11,0
2020-11-05,3311,3007.0,3233.0,3314.5714285714284,3,5,11,0
2020-11-06,3445,3311.0,3158.0,3355.5714285714284,4,6,11,0
2020-11-07,3147,3445.0,3391.0,3320.714285714286,5,7,11,1
2020-11-08,3425,3147.0,3374.0,3328.0,6,8,11,1
2020-11-09,3265,3425.0,3482.0,3297.0,0,9,11,0
2020-11-10,3175,3265.0,3479.0,3253.5714285714284,1,10,11,0
2020-11-11,2937,3175.0,3007.0,3243.5714285714284,2,11,11,0
2020-11-12,3129,2937.0,3311.0,3217.5714285714284,3,12,11,0
2020-11-13,3307,3129.0,3445.0,3197.8571428571427,4,13,11,0
2020-11-14,3353,3307.0,3147.0,3227.285714285714,5,14,11,1
2020-11-15,3197,3353.0,3425.0,3194.714285714286,6,15,11,1
2020-11-16,3211,3197.0,3265.0,3187.0,0,16,11,0
2020-11-17,3021,3211.0,3175.0,3165.0,1,17,11,0
2020-11-18,2920,3021.0,2937.0,3162.5714285714284,2,18,11,0
2020-11-19,3236,2920.0,3129.0,3177.8571428571427,3,19,11,0
2020-11-20,3307,3236.0,3307.0,3177.8571428571427,4,20,11,0
2020-11-21,3250,3307.0,3353.0,3163.1428571428573,5,21,11,1
2020-11-22,3244,3250.0,3197.0,3169.8571428571427,6,22,11,1
2020-11-23,3195,3244.0,3211.0,3167.5714285714284,0,23,11,0
2020-11-24,3131,3195.0,3021.0,3183.285714285714,1,24,11,0
2020-11-25,3463,3131.0,2920.0,3260.8571428571427,2,25,11,0
2020-11-26,3189,3463.0,3236.0,3254.1428571428573,3,26,11,0
2020-11-27,3084,3189.0,3307.0,3222.285714285714,4,27,11,0
2020-11-28,3204,3084.0,3250.0,3215.714285714286,5,28,11,1
2020-11-29,3233,3204.0,3244.0,3214.1428571428573,6,29,11,1
2020-11-30,3071,3233.0,3195.0,3196.4285714285716,0,30,11,0
2020-12-01,3092,3071.0,3131.0,3190.8571428571427,1,1,12,0
2020-12-02,3099,3092.0,3463.0,3138.8571428571427,2,2,12,0
2020-12-03,3255,3099.0,3189.0,3148.285714285714,3,3,12,0
2020-12-04,3387,3255.0,3084.0,3191.5714285714284,4,4,12,0
2020-12-05,3106,3387.0,3204.0,3177.5714285714284,5,5,12,1
2020-12-06,3261,3106.0,3233.0,3181.5714285714284,6,6,12,1
2020-12-07,3131,3261.0,3071.0,3190.1428571428573,0,7,12,0
2020-12-08,2947,3131.0,3092.0,3169.4285714285716,1,8,12,0
2020-12-09,3320,2947.0,3099.0,3201.0,2,9,12,0
2020-12-10,3247,3320.0,3255.0,3199.8571428571427,3,10,12,0
2020-12-11,3158,3247.0,3387.0,3167.1428571428573,4,11,12,0
2020-12-12,3112,3158.0,3106.0,3168.0,5,12,12,1
2020-12-13,3185,3112.0,3261.0,3157.1428571428573,6,13,12,1
2020-12-14,3006,3185.0,3131.0,3139.285714285714,0,14,12,0
2020-12-15,3135,3006.0,2947.0,3166.1428571428573,1,15,12,0
2020-12-16,3241,3135.0,3320.0,3154.8571428571427,2,16,12,0
2020-12-17,3076,3241.0,3247.0,3130.4285714285716,3,17,12,0
2020-12-18,3075,3076.0,3158.0,3118.5714285714284,4,18,12,0
2020-12-19,3031,3075.0,3112.0,3107.0,5,19,12,1
2020-12-20,3305,3031.0,3185.0,3124.1428571428573,6,20,12,1
2020-12-21,3235,3305.0,3006.0,3156.8571428571427,0,21,12,0
2020-12-22,3236,3235.0,3135.0,3171.285714285714,1,22,12,0
2020-12-23,3215,3236.0,3241.0,3167.5714285714284,2,23,12,0
2020-12-24,3148,3215.0,3076.0,3177.8571428571427,3,24,12,0
2020-12-25,3054,3148.0,3075.0,3174.8571428571427,4,25,12,0
2020-12-26,3106,3054.0,3031.0,3185.5714285714284,5,26,12,1
2020-12-27,2988,3106.0,3305.0,3140.285714285714,6,27,12,1
2020-12-28,3263,2988.0,3235.0,3144.285714285714,0,28,12,0
2020-12-29,3290,3263.0,3236.0,3152.0,1,29,12,0
2020-12-30,3227,3290.0,3215.0,3153.714285714286,2,30,12,0
2020-12-31,3448,3227.0,3148.0,3196.5714285714284,3,31,12,0
2021-01-01,3182,3448.0,3054.0,3214.8571428571427,4,1,1,0
2021-01-02,3301,3182.0,3106.0,3242.714285714286,5,2,1,1
2021-01-03,3418,3301.0,2988.0,3304.1428571428573,6,3,1,1
2021-01-04,3025,3418.0,3263.0,3270.1428571428573,0,4,1,0
2021-01-05,3577,3025.0,3290.0,3311.1428571428573,1,5,1,0
2021-01-06,3110,3577.0,3227.0,3294.4285714285716,2,6,1,0
2021-01-07,3145,3110.0,3448.0,3251.1428571428573,3,7,1,0
2021-01-08,3212,3145.0,3182.0,3255.4285714285716,4,8,1,0
2021-01-09,3144,3212.0,3301.0,3233.0,5,9,1,1
2021-01-10,3148,3144.0,3418.0,3194.4285714285716,6,10,1,1
2021-01-11,3501,3148.0,3025.0,3262.4285714285716,0,11,1,0
2021-01-12,3222,3501.0,3577.0,3211.714285714286,1,12,1,0
2021-01-13,3378,3222.0,3110.0,3250.0,2,13,1,0
2021-01-14,3000,3378.0,3145.0,3229.285714285714,3,14,1,0
2021-01-15,3384,3000.0,3212.0,3253.8571428571427,4,15,1,0
2021-01-16,3307,3384.0,3144.0,3277.1428571428573,5,16,1,1
2021-01-17,3415,3307.0,3148.0,3315.285714285714,6,17,1,1
2021-01-18,3263,3415.0,3501.0,3281.285714285714,0,18,1,0
2021-01-19,3205,3263.0,3222.0,3278.8571428571427,1,19,1,0
2021-01-20,3210,3205.0,3378.0,3254.8571428571427,2,20,1,0
2021-01-21,3325,3210.0,3000.0,3301.285714285714,3,21,1,0
2021-01-22,2906,3325.0,3384.0,3233.0,4,22,1,0
2021-01-23,3112,2906.0,3307.0,3205.1428571428573,5,23,1,1
2021-01-24,3280,3112.0,3415.0,3185.8571428571427,6,24,1,1
2021-01-25,2998,3280.0,3263.0,3148.0,0,25,1,0
2021-01-26,3452,2998.0,3205.0,3183.285714285714,1,26,1,0
2021-01-27,3061,3452.0,3210.0,3162.0,2,27,1,0
2021-01-28,3147,3061.0,3325.0,3136.5714285714284,3,28,1,0
2021-01-29,3226,3147.0,2906.0,3182.285714285714,4,29,1,0
2021-01-30,2992,3226.0,3112.0,3165.1428571428573,5,30,1,1
2021-01-31,3311,2992.0,3280.0,3169.5714285714284,6,31,1,1
2021-02-01,3252,3311.0,2998.0,3205.8571428571427,0,1,2,0
2021-02-02,3253,3252.0,3452.0,3177.4285714285716,1,2,2,0
2021-02-03,2937,3253.0,3061.0,3159.714285714286,2,3,2,0
2021-02-04,3443,2937.0,3147.0,3202.0,3,4,2,0
2021-02-05,3384,3443.0,3226.0,3224.5714285714284,4,5,2,0
2021-02-06,3364,3384.0,2992.0,3277.714285714286,5,6,2,1
2021-02-07,3243,3364.0,3311.0,3268.0,6,7,2,1
2021-02-08,3178,3243.0,3252.0,3257.4285714285716,0,8,2,0
2021-02-09,3360,3178.0,3253.0,3272.714285714286,1,9,2,0
2021-02-10,3240,3360.0,2937.0,3316.0,2,10,2,0
2021-02-11,3057,3240.0,3443.0,3260.8571428571427,3,11,2,0
2021-02-12,2948,3057.0,3384.0,3198.5714285714284,4,12,2,0
2021-02-13,3382,2948.0,3364.0,3201.1428571428573,5,13,2,1
2021-02-14,3071,3382.0,3243.0,3176.5714285714284,6,14,2,1
2021-02-15,3469,3071.0,3178.0,3218.1428571428573,0,15,2,0
2021-02-16,3291,3469.0,3360.0,3208.285714285714,1,16,2,0
2021-02-17,3307,3291.0,3240.0,3217.8571428571427,2,17,2,0
2021-02-18,3274,3307.0,3057.0,3248.8571428571427,3,18,2,0
2021-02-19,2888,3274.0,2948.0,3240.285714285714,4,19,2,0
2021-02-20,2783,2888.0,3382.0,3154.714285714286,5,20,2,1
2021-02-21,3347,2783.0,3071.0,3194.1428571428573,6,21,2,1
2021-02-22,3138,3347.0,3469.0,3146.8571428571427,0,22,2,0
2021-02-23,3147,3138.0,3291.0,3126.285714285714,1,23,2,0
2021-02-24,3119,3147.0,3307.0,3099.4285714285716,2,24,2,0
2021-02-25,3338,3119.0,3274.0,3108.5714285714284,3,25,2,0
2021-02-26,3403,3338.0,2888.0,3182.1428571428573,4,26,2,0
2021-02-27,3165,3403.0,2783.0,3236.714285714286,5,27,2,1
2021-02-28,2959,3165.0,3347.0,3181.285714285714,6,28,2,1
2021-03-01,3266,2959.0,3138.0,3199.5714285714284,0,1,3,0
2021-03-02,3342,3266.0,3147.0,3227.4285714285716,1,2,3,0
2021-03-03,3403,3342.0,3119.0,3268.0,2,3,3,0
2021-03-04,3387,3403.0,3338.0,3275.0,3,4,3,0
2021-03-05,3440,3387.0,3403.0,3280.285714285714,4,5,3,0
2021-03-06,3446,3440.0,3165.0,3320.4285714285716,5,6,3,1
2021-03-07,3410,3446.0,2959.0,3384.8571428571427,6,7,3,1
2021-03-08,3296,3410.0,3266.0,3389.1428571428573,0,8,3,0
2021-03-09,3519,3296.0,3342.0,3414.4285714285716,1,9,3,0
2021-03-10,3080,3519.0,3403.0,3368.285714285714,2,10,3,0
2021-03-11,3495,3080.0,3387.0,3383.714285714286,3,11,3,0
2021-03-12,3015,3495.0,3440.0,3323.0,4,12,3,0
2021-03-13,3323,3015.0,3446.0,3305.4285714285716,5,13,3,1
2021-03-14,3194,3323.0,3410.0,3274.5714285714284,6,14,3,1
2021-03-15,3061,3194.0,3296.0,3241.0,0,15,3,0
2021-03-16,3144,3061.0,3519.0,3187.4285714285716,1,16,3,0
2021-03-17,3104,3144.0,3080.0,3190.8571428571427,2,17,3,0
2021-03-18,3260,3104.0,3495.0,3157.285714285714,3,18,3,0
2021-03-19,3186,3260.0,3015.0,3181.714285714286,4,19,3,0
2021-03-20,3253,3186.0,3323.0,3171.714285714286,5,20,3,1
2021-03-21,3307,3253.0,3194.0,3187.8571428571427,6,21,3,1
2021-03-22,3045,3307.0,3061.0,3185.5714285714284,0,22,3,0
2021-03-23,3160,3045.0,3144.0,3187.8571428571427,1,23,3,0
2021-03-24,3212,3160.0,3104.0,3203.285714285714,2,24,3,0
2021-03-25,3084,3212.0,3260.0,3178.1428571428573,3,25,3,0
2021-03-26,3230,3084.0,3186.0,3184.4285714285716,4,26,3,0
2021-03-27,3097,3230.0,3253.0,3162.1428571428573,5,27,3,1
2021-03-28,3406,3097.0,3307.0,3176.285714285714,6,28,3,1
2021-03-29,3263,3406.0,3045.0,3207.4285714285716,0,29,3,0
2021-03-30,3262,3263.0,3160.0,3222.0,1,30,3,0
2021-03-31,3215,3262.0,3212.0,3222.4285714285716,2,31,3,0
2021-04-01,3257,3215.0,3084.0,3247.1428571428573,3,1,4,0
2021-04-02,3203,3257.0,3230.0,3243.285714285714,4,2,4,0
2021-04-03,3062,3203.0,3097.0,3238.285714285714,5,3,4,1
2021-04-04,3127,3062.0,3406.0,3198.4285714285716,6,4,4,1
2021-04-05,3167,3127.0,3263.0,3184.714285714286,0,5,4,0
2021-04-06,3185,3167.0,3262.0,3173.714285714286,1,6,4,0
2021-04-07,3264,3185.0,3215.0,3180.714285714286,2,7,4,0
2021-04-08,3484,3264.0,3257.0,3213.1428571428573,3,8,4,0
2021-04-09,3174,3484.0,3203.0,3209.0,4,9,4,0
2021-04-10,3331,3174.0,3062.0,3247.4285714285716,5,10,4,1
2021-04-11,3013,3331.0,3127.0,3231.1428571428573,6,11,4,1
2021-04-12,3359,3013.0,3167.0,3258.5714285714284,0,12,4,0
2021-04-13,3361,3359.0,3185.0,3283.714285714286,1,13,4,0
2021-04-14,3346,3361.0,3264.0,3295.4285714285716,2,14,4,0
2021-04-15,3246,3346.0,3484.0,3261.4285714285716,3,15,4,0
2021-04-16,3433,3246.0,3174.0,3298.4285714285716,4,16,4,0
2021-04-17,3248,3433.0,3331.0,3286.5714285714284,5,17,4,1
2021-04-18,3382,3248.0,3013.0,3339.285714285714,6,18,4,1
2021-04-19,3290,3382.0,3359.0,3329.4285714285716,0,19,4,0
2021-04-20,3470,3290.0,3361.0,3345.0,1,20,4,0
2021-04-21,2986,3470.0,3346.0,3293.5714285714284,2,21,4,0
2021-04-22,3499,2986.0,3246.0,3329.714285714286,3,22,4,0
2021-04-23,3260,3499.0,3433.0,3305.0,4,23,4,0
2021-04-24,3019,3260.0,3248.0,3272.285714285714,5,24,4,1
2021-04-25,3197,3019.0,3382.0,3245.8571428571427,6,25,4,1
2021-04-26,3130,3197.0,3290.0,3223.0,0,26,4,0
2021-04-27,3029,3130.0,3470.0,3160.0,1,27,4,0
2021-04-28,3246,3029.0,2986.0,3197.1428571428573,2,28,4,0
2021-04-29,3385,3246.0,3499.0,3180.8571428571427,3,29,4,0
2021-04-30,3236,3385.0,3260.0,3177.4285714285716,4,30,4,0
2021-05-01,3158,3236.0,3019.0,3197.285714285714,5,1,5,1
2021-05-02,3445,3158.0,3197.0,3232.714285714286,6,2,5,1
2021-05-03,3333,3445.0,3130.0,3261.714285714286,0,3,5,0
2021-05-04,3198,3333.0,3029.0,3285.8571428571427,1,4,5,0
2021-05-05,3208,3198.0,3246.0,3280.4285714285716,2,5,5,0
2021-05-06,3374,3208.0,3385.0,3278.8571428571427,3,6,5,0
2021-05-07,3216,3374.0,3236.0,3276.0,4,7,5,0
2021-05-08,3303,3216.0,3158.0,3296.714285714286,5,8,5,1
2021-05-09,3456,3303.0,3445.0,3298.285714285714,6,9,5,1
2021-05-10,3081,3456.0,3333.0,3262.285714285714,0,10,5,0
2021-05-11,3276,3081.0,3198.0,3273.4285714285716,1,11,5,0
2021-05-12,3313,3276.0,3208.0,3288.4285714285716,2,12,5,0
2021-05-13,3187,3313.0,3374.0,3261.714285714286,3,13,5,0
2021-05-14,3300,3187.0,3216.0,3273.714285714286,4,14,5,0
2021-05-15,3402,3300.0,3303.0,3287.8571428571427,5,15,5,1
2021-05-16,3306,3402.0,3456.0,3266.4285714285716,6,16,5,1
2021-05-17,3278,3306.0,3081.0,3294.5714285714284,0,17,5,0
2021-05-18,3515,3278.0,3276.0,3328.714285714286,1,18,5,0
2021-05-19,2902,3515.0,3313.0,3270.0,2,19,5,0
2021-05-20,2981,2902.0,3187.0,3240.5714285714284,3,20,5,0
2021-05-21,3257,2981.0,3300.0,3234.4285714285716,4,21,5,0
2021-05-22,3024,3257.0,3402.0,3180.4285714285716,5,22,5,1
2021-05-23,3244,3024.0,3306.0,3171.5714285714284,6,23,5,1
2021-05-24,3035,3244.0,3278.0,3136.8571428571427,0,24,5,0
2021-05-25,3544,3035.0,3515.0,3141.0,1,25,5,0
2021-05-26,2966,3544.0,2902.0,3150.1428571428573,2,26,5,0
2021-05-27,3627,2966.0,2981.0,3242.4285714285716,3,27,5,0
2021-05-28,3201,3627.0,3257.0,3234.4285714285716,4,28,5,0
2021-05-29,3203,3201.0,3024.0,3260.0,5,29,5,1
2021-05-30,3032,3203.0,3244.0,3229.714285714286,6,30,5,1
2021-05-31,3009,3032.0,3035.0,3226.0,0,31,5,0
2021-06-01,3439,3009.0,3544.0,3211.0,1,1,6,0
2021-06-02,3250,3439.0,2966.0,3251.5714285714284,2,2,6,0
2021-06-03,3191,3250.0,3627.0,3189.285714285714,3,3,6,0
2021-06-04,3357,3191.0,3201.0,3211.5714285714284,4,4,6,0
2021-06-05,3219,3357.0,3203.0,3213.8571428571427,5,5,6,1
2021-06-06,3465,3219.0,3032.0,3275.714285714286,6,6,6,1
2021-06-07,3324,3465.0,3009.0,3320.714285714286,0,7,6,0
2021-06-08,3135,3324.0,3439.0,3277.285714285714,1,8,6,0
2021-06-09,3142,3135.0,3250.0,3261.8571428571427,2,9,6,0
2021-06-10,3253,3142.0,3191.0,3270.714285714286,3,10,6,0
2021-06-11,3077,3253.0,3357.0,3230.714285714286,4,11,6,0
2021-06-12,3114,3077.0,3219.0,3215.714285714286,5,12,6,1
2021-06-13,3267,3114.0,3465.0,3187.4285714285716,6,13,6,1
2021-06-14,3303,3267.0,3324.0,3184.4285714285716,0,14,6,0
2021-06-15,3202,3303.0,3135.0,3194.0,1,15,6,0
2021-06-16,3187,3202.0,3142.0,3200.4285714285716,2,16,6,0
2021-06-17,3178,3187.0,3253.0,3189.714285714286,3,17,6,0
2021-06-18,3415,3178.0,3077.0,3238.0,4,18,6,0
2021-06-19,3349,3415.0,3114.0,3271.5714285714284,5,19,6,1
2021-06-20,3107,3349.0,3267.0,3248.714285714286,6,20,6,1
2021-06-21,3429,3107.0,3303.0,3266.714285714286,0,21,6,0
2021-06-22,3374,3429.0,3202.0,3291.285714285714,1,22,6,0
2021-06-23,3028,3374.0,3187.0,3268.5714285714284,2,23,6,0
2021-06-24,2994,3028.0,3178.0,3242.285714285714,3,24,6,0
2021-06-25,3589,2994.0,3415.0,3267.1428571428573,4,25,6,0
2021-06-26,3287,3589.0,3349.0,3258.285714285714,5,26,6,1
2021-06-27,3444,3287.0,3107.0,3306.4285714285716,6,27,6,1
2021-06-28,3240,3444.0,3429.0,3279.4285714285716,0,28,6,0
2021-06-29,3361,3240.0,3374.0,3277.5714285714284,1,29,6,0
2021-06-30,3281,3361.0,3028.0,3313.714285714286,2,30,6,0
2021-07-01,3067,3281.0,2994.0,3324.1428571428573,3,1,7,0
2021-07-02,2979,3067.0,3589.0,3237.0,4,2,7,0
2021-07-03,2895,2979.0,3287.0,3181.0,5,3,7,1
2021-07-04,3003,2895.0,3444.0,3118.0,6,4,7,1
2021-07-05,3108,3003.0,3240.0,3099.1428571428573,0,5,7,0
2021-07-06,3196,3108.0,3361.0,3075.5714285714284,1,6,7,0
2021-07-07,3061,3196.0,3281.0,3044.1428571428573,2,7,7,0
2021-07-08,3229,3061.0,3067.0,3067.285714285714,3,8,7,0
2021-07-09,3319,3229.0,2979.0,3115.8571428571427,4,9,7,0
2021-07-10,3232,3319.0,2895.0,3164.0,5,10,7,1
2021-07-11,3490,3232.0,3003.0,3233.5714285714284,6,11,7,1
2021-07-12,3011,3490.0,3108.0,3219.714285714286,0,12,7,0
2021-07-13,3134,3011.0,3196.0,3210.8571428571427,1,13,7,0
2021-07-14,3373,3134.0,3061.0,3255.4285714285716,2,14,7,0
2021-07-15,3317,3373.0,3229.0,3268.0,3,15,7,0
2021-07-16,3443,3317.0,3319.0,3285.714285714286,4,16,7,0
2021-07-17,3174,3443.0,3232.0,3277.4285714285716,5,17,7,1
2021-07-18,3327,3174.0,3490.0,3254.1428571428573,6,18,7,1
2021-07-19,3092,3327.0,3011.0,3265.714285714286,0,19,7,0
2021-07-20,2954,3092.0,3134.0,3240.0,1,20,7,0
2021-07-21,3187,2954.0,3373.0,3213.4285714285716,2,21,7,0
2021-07-22,3246,3187.0,3317.0,3203.285714285714,3,22,7,0
2021-07-23,3077,3246.0,3443.0,3151.0,4,23,7,0
2021-07-24,3091,3077.0,3174.0,3139.1428571428573,5,24,7,1
2021-07-25,3107,3091.0,3327.0,3107.714285714286,6,25,7,1
2021-07-26,3353,3107.0,3092.0,3145.0,0,26,7,0
2021-07-27,3258,3353.0,2954.0,3188.4285714285716,1,27,7,0
2021-07-28,3189,3258.0,3187.0,3188.714285714286,2,28,7,0
2021-07-29,3068,3189.0,3246.0,3163.285714285714,3,29,7,0
2021-07-30,3396,3068.0,3077.0,3208.8571428571427,4,30,7,0
2021-07-31,3196,3396.0,3091.0,3223.8571428571427,5,31,7,1
2021-08-01,3157,3196.0,3107.0,3231.0,6,1,8,1
2021-08-02,3105,3157.0,3353.0,3195.5714285714284,0,2,8,0
2021-08-03,3229,3105.0,3258.0,3191.4285714285716,1,3,8,0
2021-08-04,3258,3229.0,3189.0,3201.285714285714,2,4,8,0
2021-08-05,3029,3258.0,3068.0,3195.714285714286,3,5,8,0
2021-08-06,3282,3029.0,3396.0,3179.4285714285716,4,6,8,0
2021-08-07,3091,3282.0,3196.0,3164.4285714285716,5,7,8,1
2021-08-08,3306,3091.0,3157.0,3185.714285714286,6,8,8,1
2021-08-09,3270,3306.0,3105.0,3209.285714285714,0,9,8,0
2021-08-10,3218,3270.0,3229.0,3207.714285714286,1,10,8,0
2021-08-11,3184,3218.0,3258.0,3197.1428571428573,2,11,8,0
2021-08-12,3174,3184.0,3029.0,3217.8571428571427,3,12,8,0
2021-08-13,3582,3174.0,3282.0,3260.714285714286,4,13,8,0
2021-08-14,3079,3582.0,3091.0,3259.0,5,14,8,1
2021-08-15,3394,3079.0,3306.0,3271.5714285714284,6,15,8,1
2021-08-16,3283,3394.0,3270.0,3273.4285714285716,0,16,8,0
2021-08-17,3040,3283.0,3218.0,3248.0,1,17,8,0
2021-08-18,2931,3040.0,3184.0,3211.8571428571427,2,18,8,0
2021-08-19,3136,2931.0,3174.0,3206.4285714285716,3,19,8,0
2021-08-20,3091,3136.0,3582.0,3136.285714285714,4,20,8,0
2021-08-21,3266,3091.0,3079.0,3163.0,5,21,8,1
2021-08-22,3125,3266.0,3394.0,3124.5714285714284,6,22,8,1
2021-08-23,3146,3125.0,3283.0,3105.0,0,23,8,0
2021-08-24,3400,3146.0,3040.0,3156.4285714285716,1,24,8,0
2021-08-25,3304,3400.0,2931.0,3209.714285714286,2,25,8,0
2021-08-26,3266,3304.0,3136.0,3228.285714285714,3,26,8,0
2021-08-27,3119,3266.0,3091.0,3232.285714285714,4,27,8,0
2021-08-28,3106,3119.0,3266.0,3209.4285714285716,5,28,8,1
2021-08-29,3278,3106.0,3125.0,3231.285714285714,6,29,8,1
2021-08-30,3219,3278.0,3146.0,3241.714285714286,0,30,8,0
2021-08-31,3206,3219.0,3400.0,3214.0,1,31,8,0
2021-09-01,3111,3206.0,3304.0,3186.4285714285716,2,1,9,0
2021-09-02,3359,3111.0,3266.0,3199.714285714286,3,2,9,0
2021-09-03,3382,3359.0,3119.0,3237.285714285714,4,3,9,0
2021-09-04,3193,3382.0,3106.0,3249.714285714286,5,4,9,1
2021-09-05,3213,3193.0,3278.0,3240.4285714285716,6,5,9,1
2021-09-06,3152,3213.0,3219.0,3230.8571428571427,0,6,9,0
2021-09-07,3093,3152.0,3206.0,3214.714285714286,1,7,9,0
2021-09-08,3253,3093.0,3111.0,3235.0,2,8,9,0
2021-09-09,3116,3253.0,3359.0,3200.285714285714,3,9,9,0
2021-09-10,3308,3116.0,3382.0,3189.714285714286,4,10,9,0
2021-09-11,3252,3308.0,3193.0,3198.1428571428573,5,11,9,1
2021-09-12,3089,3252.0,3213.0,3180.4285714285716,6,12,9,1
2021-09-13,2834,3089.0,3152.0,3135.0,0,13,9,0
2021-09-14,3322,2834.0,3093.0,3167.714285714286,1,14,9,0
2021-09-15,3175,3322.0,3253.0,3156.5714285714284,2,15,9,0
2021-09-16,3110,3175.0,3116.0,3155.714285714286,3,16,9,0
2021-09-17,3230,3110.0,3308.0,3144.5714285714284,4,17,9,0
2021-09-18,3134,3230.0,3252.0,3127.714285714286,5,18,9,1
2021-09-19,3362,3134.0,3089.0,3166.714285714286,6,19,9,1
2021-09-20,3100,3362.0,2834.0,3204.714285714286,0,20,9,0
2021-09-21,3189,3100.0,3322.0,3185.714285714286,1,21,9,0
2021-09-22,3291,3189.0,3175.0,3202.285714285714,2,22,9,0
2021-09-23,3127,3291.0,3110.0,3204.714285714286,3,23,9,0
2021-09-24,3097,3127.0,3230.0,3185.714285714286,4,24,9,0
2021-09-25,3105,3097.0,3134.0,3181.5714285714284,5,25,9,1
2021-09-26,3032,3105.0,3362.0,3134.4285714285716,6,26,9,1
2021-09-27,3166,3032.0,3100.0,3143.8571428571427,0,27,9,0
2021-09-28,3629,3166.0,3189.0,3206.714285714286,1,28,9,0
2021-09-29,3369,3629.0,3291.0,3217.8571428571427,2,29,9,0
2021-09-30,3017,3369.0,3127.0,3202.1428571428573,3,30,9,0
2021-10-01,3197,3017.0,3097.0,3216.4285714285716,4,1,10,0
2021-10-02,3053,3197.0,3105.0,3209.0,5,2,10,1
2021-10-03,3169,3053.0,3032.0,3228.5714285714284,6,3,10,1
2021-10-04,3094,3169.0,3166.0,3218.285714285714,0,4,10,0
2021-10-05,3279,3094.0,3629.0,3168.285714285714,1,5,10,0
2021-10-06,3147,3279.0,3369.0,3136.5714285714284,2,6,10,0
2021-10-07,3206,3147.0,3017.0,3163.5714285714284,3,7,10,0
2021-10-08,3070,3206.0,3197.0,3145.4285714285716,4,8,10,0
2021-10-09,3024,3070.0,3053.0,3141.285714285714,5,9,10,1
2021-10-10,3200,3024.0,3169.0,3145.714285714286,6,10,10,1
2021-10-11,3121,3200.0,3094.0,3149.5714285714284,0,11,10,0
2021-10-12,3110,3121.0,3279.0,3125.4285714285716,1,12,10,0
2021-10-13,3408,3110.0,3147.0,3162.714285714286,2,13,10,0
2021-10-14,3305,3408.0,3206.0,3176.8571428571427,3,14,10,0
2021-10-15,3139,3305.0,3070.0,3186.714285714286,4,15,10,0
2021-10-16,3095,3139.0,3024.0,3196.8571428571427,5,16,10,1
2021-10-17,3473,3095.0,3200.0,3235.8571428571427,6,17,10,1
2021-10-18,3094,3473.0,3121.0,3232.0,0,18,10,0
2021-10-19,3482,3094.0,3110.0,3285.1428571428573,1,19,10,0
2021-10-20,3558,3482.0,3408.0,3306.5714285714284,2,20,10,0
2021-10-21,3112,3558.0,3305.0,3279.0,3,21,10,0
2021-10-22,3037,3112.0,3139.0,3264.4285714285716,4,22,10,0
2021-10-23,3386,3037.0,3095.0,3306.0,5,23,10,1
2021-10-24,3179,3386.0,3473.0,3264.0,6,24,10,1
2021-10-25,3144,3179.0,3094.0,3271.1428571428573,0,25,10,0
2021-10-26,3052,3144.0,3482.0,3209.714285714286,1,26,10,0
2021-10-27,3113,3052.0,3558.0,3146.1428571428573,2,27,10,0
2021-10-28,3195,3113.0,3112.0,3158.0,3,28,10,0
2021-10-29,3129,3195.0,3037.0,3171.1428571428573,4,29,10,0
2021-10-30,3044,3129.0,3386.0,3122.285714285714,5,30,10,1
2021-10-31,3242,3044.0,3179.0,3131.285714285714,6,31,10,1
2021-11-01,3040,3242.0,3144.0,3116.4285714285716,0,1,11,0
2021-11-02,3173,3040.0,3052.0,3133.714285714286,1,2,11,0
2021-11-03,3453,3173.0,3113.0,3182.285714285714,2,3,11,0
2021-11-04,3287,3453.0,3195.0,3195.4285714285716,3,4,11,0
2021-11-05,3217,3287.0,3129.0,3208.0,4,5,11,0
2021-11-06,2973,3217.0,3044.0,3197.8571428571427,5,6,11,1
2021-11-07,2903,2973.0,3242.0,3149.4285714285716,6,7,11,1
2021-11-08,3375,2903.0,3040.0,3197.285714285714,0,8,11,0
2021-11-09,3210,3375.0,3173.0,3202.5714285714284,1,9,11,0
2021-11-10,3358,3210.0,3453.0,3189.0,2,10,11,0
2021-11-11,3081,3358.0,3287.0,3159.5714285714284,3,11,11,0
2021-11-12,3316,3081.0,3217.0,3173.714285714286,4,12,11,0
2021-11-13,3357,3316.0,2973.0,3228.5714285714284,5,13,11,1
2021-11-14,3193,3357.0,2903.0,3270.0,6,14,11,1
2021-11-15,3349,3193.0,3375.0,3266.285714285714,0,15,11,0
2021-11-16,3049,3349.0,3210.0,3243.285714285714,1,16,11,0
2021-11-17,3313,3049.0,3358.0,3236.8571428571427,2,17,11,0
2021-11-18,3131,3313.0,3081.0,3244.0,3,18,11,0
2021-11-19,3227,3131.0,3316.0,3231.285714285714,4,19,11,0
2021-11-20,3097,3227.0,3357.0,3194.1428571428573,5,20,11,1
2021-11-21,3180,3097.0,3193.0,3192.285714285714,6,21,11,1
2021-11-22,3211,3180.0,3349.0,3172.5714285714284,0,22,11,0
2021-11-23,3286,3211.0,3049.0,3206.4285714285716,1,23,11,0
2021-11-24,3146,3286.0,3313.0,3182.5714285714284,2,24,11,0
2021-11-25,3273,3146.0,3131.0,3202.8571428571427,3,25,11,0
2021-11-26,3573,3273.0,3227.0,3252.285714285714,4,26,11,0
2021-11-27,3036,3573.0,3097.0,3243.5714285714284,5,27,11,1
2021-11-28,3347,3036.0,3180.0,3267.4285714285716,6,28,11,1
2021-11-29,3345,3347.0,3211.0,3286.5714285714284,0,29,11,0
2021-11-30,3414,3345.0,3286.0,3304.8571428571427,1,30,11,0
2021-12-01,3215,3414.0,3146.0,3314.714285714286,2,1,12,0
2021-12-02,3125,3215.0,3273.0,3293.5714285714284,3,2,12,0
2021-12-03,3084,3125.0,3573.0,3223.714285714286,4,3,12,0
2021-12-04,3081,3084.0,3036.0,3230.1428571428573,5,4,12,1
2021-12-05,2866,3081.0,3347.0,3161.4285714285716,6,5,12,1
2021-12-06,3360,2866.0,3345.0,3163.5714285714284,0,6,12,0
2021-12-07,3487,3360.0,3414.0,3174.0,1,7,12,0
2021-12-08,3146,3487.0,3215.0,3164.1428571428573,2,8,12,0
2021-12-09,3344,3146.0,3125.0,3195.4285714285716,3,9,12,0
2021-12-10,3104,3344.0,3084.0,3198.285714285714,4,10,12,0
2021-12-11,3233,3104.0,3081.0,3220.0,5,11,12,1
2021-12-12,3193,3233.0,2866.0,3266.714285714286,6,12,12,1
2021-12-13,3326,3193.0,3360.0,3261.8571428571427,0,13,12,0
2021-12-14,3034,3326.0,3487.0,3197.1428571428573,1,14,12,0
2021-12-15,3289,3034.0,3146.0,3217.5714285714284,2,15,12,0
2021-12-16,2896,3289.0,3344.0,3153.5714285714284,3,16,12,0
2021-12-17,3216,2896.0,3104.0,3169.5714285714284,4,17,12,0
2021-12-18,3123,3216.0,3233.0,3153.8571428571427,5,18,12,1
2021-12-19,3087,3123.0,3193.0,3138.714285714286,6,19,12,1
2021-12-20,3100,3087.0,3326.0,3106.4285714285716,0,20,12,0
2021-12-21,3469,3100.0,3034.0,3168.5714285714284,1,21,12,0
2021-12-22,3193,3469.0,3289.0,3154.8571428571427,2,22,12,0
2021-12-23,3223,3193.0,2896.0,3201.5714285714284,3,23,12,0
2021-12-24,3222,3223.0,3216.0,3202.4285714285716,4,24,12,0
2021-12-25,3162,3222.0,3123.0,3208.0,5,25,12,1
2021-12-26,3382,3162.0,3087.0,3250.1428571428573,6,26,12,1
2021-12-27,3201,3382.0,3100.0,3264.5714285714284,0,27,12,0
2021-12-28,3220,3201.0,3469.0,3229.0,1,28,12,0
2021-12-29,2958,3220.0,3193.0,3195.4285714285716,2,29,12,0
2021-12-30,3200,2958.0,3223.0,3192.1428571428573,3,30,12,0
2021-12-31,3331,3200.0,3222.0,3207.714285714286,4,31,12,0
2022-01-01,3203,3331.0,3162.0,3213.5714285714284,5,1,1,1
2022-01-02,3182,3203.0,3382.0,3185.0,6,2,1,1
2022-01-03,3157,3182.0,3201.0,3178.714285714286,0,3,1,0
2022-01-04,3209,3157.0,3220.0,3177.1428571428573,1,4,1,0
2022-01-05,3429,3209.0,2958.0,3244.4285714285716,2,5,1,0
2022-01-06,3188,3429.0,3200.0,3242.714285714286,3,6,1,0
2022-01-07,2971,3188.0,3331.0,3191.285714285714,4,7,1,0
2022-01-08,3112,2971.0,3203.0,3178.285714285714,5,8,1,1
2022-01-09,3427,3112.0,3182.0,3213.285714285714,6,9,1,1
2022-01-10,3300,3427.0,3157.0,3233.714285714286,0,10,1,0
2022-01-11,3413,3300.0,3209.0,3262.8571428571427,1,11,1,0
2022-01-12,3363,3413.0,3429.0,3253.4285714285716,2,12,1,0
2022-01-13,3148,3363.0,3188.0,3247.714285714286,3,13,1,0
2022-01-14,3271,3148.0,2971.0,3290.5714285714284,4,14,1,0
2022-01-15,3525,3271.0,3112.0,3349.5714285714284,5,15,1,1
2022-01-16,3354,3525.0,3427.0,3339.1428571428573,6,16,1,1
2022-01-17,3451,3354.0,3300.0,3360.714285714286,0,17,1,0
2022-01-18,3305,3451.0,3413.0,3345.285714285714,1,18,1,0
2022-01-19,3173,3305.0,3363.0,3318.1428571428573,2,19,1,0
2022-01-20,3073,3173.0,3148.0,3307.4285714285716,3,20,1,0
2022-01-21,3260,3073.0,3271.0,3305.8571428571427,4,21,1,0
2022-01-22,3001,3260.0,3525.0,3231.0,5,22,1,1
2022-01-23,3201,3001.0,3354.0,3209.1428571428573,6,23,1,1
2022-01-24,3523,3201.0,3451.0,3219.4285714285716,0,24,1,0
2022-01-25,3477,3523.0,3305.0,3244.0,1,25,1,0
2022-01-26,2986,3477.0,3173.0,3217.285714285714,2,26,1,0
2022-01-27,3039,2986.0,3073.0,3212.4285714285716,3,27,1,0
2022-01-28,3310,3039.0,3260.0,3219.5714285714284,4,28,1,0
2022-01-29,3336,3310.0,3001.0,3267.4285714285716,5,29,1,1
2022-01-30,3163,3336.0,3201.0,3262.0,6,30,1,1
2022-01-31,3060,3163.0,3523.0,3195.8571428571427,0,31,1,0
2022-02-01,3236,3060.0,3477.0,3161.4285714285716,1,1,2,0
2022-02-02,3315,3236.0,2986.0,3208.4285714285716,2,2,2,0
2022-02-03,3220,3315.0,3039.0,3234.285714285714,3,3,2,0
2022-02-04,2840,3220.0,3310.0,3167.1428571428573,4,4,2,0
2022-02-05,3253,2840.0,3336.0,3155.285714285714,5,5,2,1
2022-02-06,3204,3253.0,3163.0,3161.1428571428573,6,6,2,1
2022-02-07,3109,3204.0,3060.0,3168.1428571428573,0,7,2,0
2022-02-08,3035,3109.0,3236.0,3139.4285714285716,1,8,2,0
2022-02-09,3127,3035.0,3315.0,3112.5714285714284,2,9,2,0
2022-02-10,3543,3127.0,3220.0,3158.714285714286,3,10,2,0
2022-02-11,3503,3543.0,2840.0,3253.4285714285716,4,11,2,0
2022-02-12,3263,3503.0,3253.0,3254.8571428571427,5,12,2,1
2022-02-13,3476,3263.0,3204.0,3293.714285714286,6,13,2,1
2022-02-14,3036,3476.0,3109.0,3283.285714285714,0,14,2,0
2022-02-15,3228,3036.0,3035.0,3310.8571428571427,1,15,2,0
2022-02-16,3352,3228.0,3127.0,3343.0,2,16,2,0
2022-02-17,3495,3352.0,3543.0,3336.1428571428573,3,17,2,0
2022-02-18,3334,3495.0,3503.0,3312.0,4,18,2,0
2022-02-19,3495,3334.0,3263.0,3345.1428571428573,5,19,2,1
2022-02-20,3032,3495.0,3476.0,3281.714285714286,6,20,2,1
2022-02-21,3520,3032.0,3036.0,3350.8571428571427,0,21,2,0
2022-02-22,3292,3520.0,3228.0,3360.0,1,22,2,0
2022-02-23,3099,3292.0,3352.0,3323.8571428571427,2,23,2,0
2022-02-24,3315,3099.0,3495.0,3298.1428571428573,3,24,2,0
2022-02-25,3189,3315.0,3334.0,3277.4285714285716,4,25,2,0
2022-02-26,3427,3189.0,3495.0,3267.714285714286,5,26,2,1
2022-02-27,3145,3427.0,3032.0,3283.8571428571427,6,27,2,1
2022-02-28,3140,3145.0,3520.0,3229.5714285714284,0,28,2,0
2022-03-01,3276,3140.0,3292.0,3227.285714285714,1,1,3,0
2022-03-02,3362,3276.0,3099.0,3264.8571428571427,2,2,3,0
2022-03-03,3603,3362.0,3315.0,3306.0,3,3,3,0
2022-03-04,3351,3603.0,3189.0,3329.1428571428573,4,4,3,0
2022-03-05,3497,3351.0,3427.0,3339.1428571428573,5,5,3,1
2022-03-06,3339,3497.0,3145.0,3366.8571428571427,6,6,3,1
2022-03-07,3285,3339.0,3140.0,3387.5714285714284,0,7,3,0
2022-03-08,3332,3285.0,3276.0,3395.5714285714284,1,8,3,0
2022-03-09,3129,3332.0,3362.0,3362.285714285714,2,9,3,0
2022-03-10,2961,3129.0,3603.0,3270.5714285714284,3,10,3,0
2022-03-11,3387,2961.0,3351.0,3275.714285714286,4,11,3,0
2022-03-12,3358,3387.0,3497.0,3255.8571428571427,5,12,3,1
2022-03-13,3374,3358.0,3339.0,3260.8571428571427,6,13,3,1
2022-03-14,3356,3374.0,3285.0,3271.0,0,14,3,0
2022-03-15,3292,3356.0,3332.0,3265.285714285714,1,15,3,0
2022-03-16,3149,3292.0,3129.0,3268.1428571428573,2,16,3,0
2022-03-17,3308,3149.0,2961.0,3317.714285714286,3,17,3,0
2022-03-18,3459,3308.0,3387.0,3328.0,4,18,3,0
2022-03-19,3357,3459.0,3358.0,3327.8571428571427,5,19,3,1
2022-03-20,3706,3357.0,3374.0,3375.285714285714,6,20,3,1
2022-03-21,3212,3706.0,3356.0,3354.714285714286,0,21,3,0
2022-03-22,3090,3212.0,3292.0,3325.8571428571427,1,22,3,0
2022-03-23,3316,3090.0,3149.0,3349.714285714286,2,23,3,0
2022-03-24,3221,3316.0,3308.0,3337.285714285714,3,24,3,0
2022-03-25,3213,3221.0,3459.0,3302.1428571428573,4,25,3,0
2022-03-26,3020,3213.0,3357.0,3254.0,5,26,3,1
2022-03-27,3005,3020.0,3706.0,3153.8571428571427,6,27,3,1
2022-03-28,3401,3005.0,3212.0,3180.8571428571427,0,28,3,0
2022-03-29,3256,3401.0,3090.0,3204.5714285714284,1,29,3,0
2022-03-30,3179,3256.0,3316.0,3185.0,2,30,3,0
2022-03-31,3206,3179.0,3221.0,3182.8571428571427,3,31,3,0
2022-04-01,3212,3206.0,3213.0,3182.714285714286,4,1,4,0
2022-04-02,3440,3212.0,3020.0,3242.714285714286,5,2,4,1
2022-04-03,3117,3440.0,3005.0,3258.714285714286,6,3,4,1
2022-04-04,3036,3117.0,3401.0,3206.5714285714284,0,4,4,0
2022-04-05,3048,3036.0,3256.0,3176.8571428571427,1,5,4,0
2022-04-06,3286,3048.0,3179.0,3192.1428571428573,2,6,4,0
2022-04-07,3258,3286.0,3206.0,3199.5714285714284,3,7,4,0
2022-04-08,3286,3258.0,3212.0,3210.1428571428573,4,8,4,0
2022-04-09,3084,3286.0,3440.0,3159.285714285714,5,9,4,1
2022-04-10,3067,3084.0,3117.0,3152.1428571428573,6,10,4,1
2022-04-11,3062,3067.0,3036.0,3155.8571428571427,0,11,4,0
2022-04-12,3113,3062.0,3048.0,3165.1428571428573,1,12,4,0
2022-04-13,3217,3113.0,3286.0,3155.285714285714,2,13,4,0
2022-04-14,3264,3217.0,3258.0,3156.1428571428573,3,14,4,0
2022-04-15,3226,3264.0,3286.0,3147.5714285714284,4,15,4,0
2022-04-16,3402,3226.0,3084.0,3193.0,5,16,4,1
2022-04-17,3268,3402.0,3067.0,3221.714285714286,6,17,4,1
2022-04-18,3183,3268.0,3062.0,3239.0,0,18,4,0
2022-04-19,3062,3183.0,3113.0,3231.714285714286,1,19,4,0
2022-04-20,3286,3062.0,3217.0,3241.5714285714284,2,20,4,0
2022-04-21,3341,3286.0,3264.0,3252.5714285714284,3,21,4,0
2022-04-22,3088,3341.0,3226.0,3232.8571428571427,4,22,4,0
2022-04-23,3291,3088.0,3402.0,3217.0,5,23,4,1
2022-04-24,3190,3291.0,3268.0,3205.8571428571427,6,24,4,1
2022-04-25,3143,3190.0,3183.0,3200.1428571428573,0,25,4,0
2022-04-26,3117,3143.0,3062.0,3208.0,1,26,4,0
2022-04-27,3215,3117.0,3286.0,3197.8571428571427,2,27,4,0
2022-04-28,3481,3215.0,3341.0,3217.8571428571427,3,28,4,0
2022-04-29,3269,3481.0,3088.0,3243.714285714286,4,29,4,0
2022-04-30,3060,3269.0,3291.0,3210.714285714286,5,30,4,1
2022-05-01,3276,3060.0,3190.0,3223.0,6,1,5,1
2022-05-02,3166,3276.0,3143.0,3226.285714285714,0,2,5,0
2022-05-03,3011,3166.0,3117.0,3211.1428571428573,1,3,5,0
2022-05-04,3276,3011.0,3215.0,3219.8571428571427,2,4,5,0
2022-05-05,3269,3276.0,3481.0,3189.5714285714284,3,5,5,0
2022-05-06,3123,3269.0,3269.0,3168.714285714286,4,6,5,0
2022-05-07,3289,3123.0,3060.0,3201.4285714285716,5,7,5,1
2022-05-08,3064,3289.0,3276.0,3171.1428571428573,6,8,5,1
2022-05-09,3251,3064.0,3166.0,3183.285714285714,0,9,5,0
2022-05-10,3175,3251.0,3011.0,3206.714285714286,1,10,5,0
2022-05-11,3213,3175.0,3276.0,3197.714285714286,2,11,5,0
2022-05-12,3371,3213.0,3269.0,3212.285714285714,3,12,5,0
2022-05-13,3099,3371.0,3123.0,3208.8571428571427,4,13,5,0
2022-05-14,3307,3099.0,3289.0,3211.4285714285716,5,14,5,1
2022-05-15,3125,3307.0,3064.0,3220.1428571428573,6,15,5,1
2022-05-16,3338,3125.0,3251.0,3232.5714285714284,0,16,5,0
2022-05-17,3294,3338.0,3175.0,3249.5714285714284,1,17,5,0
2022-05-18,3351,3294.0,3213.0,3269.285714285714,2,18,5,0
2022-05-19,3236,3351.0,3371.0,3250.0,3,19,5,0
2022-05-20,3150,3236.0,3099.0,3257.285714285714,4,20,5,0
2022-05-21,3214,3150.0,3307.0,3244.0,5,21,5,1
2022-05-22,3191,3214.0,3125.0,3253.4285714285716,6,22,5,1
2022-05-23,3133,3191.0,3338.0,3224.1428571428573,0,23,5,0
2022-05-24,3408,3133.0,3294.0,3240.4285714285716,1,24,5,0
2022-05-25,3464,3408.0,3351.0,3256.5714285714284,2,25,5,0
2022-05-26,3318,3464.0,3236.0,3268.285714285714,3,26,5,0
2022-05-27,3509,3318.0,3150.0,3319.5714285714284,4,27,5,0
2022-05-28,3160,3509.0,3214.0,3311.8571428571427,5,28,5,1
2022-05-29,2990,3160.0,3191.0,3283.1428571428573,6,29,5,1
2022-05-30,3367,2990.0,3133.0,3316.5714285714284,0,30,5,0
2022-05-31,3177,3367.0,3408.0,3283.5714285714284,1,31,5,0
2022-06-01,3006,3177.0,3464.0,3218.1428571428573,2,1,6,0
2022-06-02,3370,3006.0,3318.0,3225.5714285714284,3,2,6,0
2022-06-03,3350,3370.0,3509.0,3202.8571428571427,4,3,6,0
2022-06-04,3106,3350.0,3160.0,3195.1428571428573,5,4,6,1
2022-06-05,3247,3106.0,2990.0,3231.8571428571427,6,5,6,1
2022-06-06,2916,3247.0,3367.0,3167.4285714285716,0,6,6,0
2022-06-07,3284,2916.0,3177.0,3182.714285714286,1,7,6,0
2022-06-08,3270,3284.0,3006.0,3220.4285714285716,2,8,6,0
2022-06-09,3383,3270.0,3370.0,3222.285714285714,3,9,6,0
2022-06-10,3338,3383.0,3350.0,3220.5714285714284,4,10,6,0
2022-06-11,3166,3338.0,3106.0,3229.1428571428573,5,11,6,1
2022-06-12,3228,3166.0,3247.0,3226.4285714285716,6,12,6,1
2022-06-13,3130,3228.0,2916.0,3257.0,0,13,6,0
2022-06-14,3031,3130.0,3284.0,3220.8571428571427,1,14,6,0
2022-06-15,3356,3031.0,3270.0,3233.1428571428573,2,15,6,0
2022-06-16,3448,3356.0,3383.0,3242.4285714285716,3,16,6,0
2022-06-17,3085,3448.0,3338.0,3206.285714285714,4,17,6,0
2022-06-18,3123,3085.0,3166.0,3200.1428571428573,5,18,6,1
2022-06-19,3044,3123.0,3228.0,3173.8571428571427,6,19,6,1
2022-06-20,3414,3044.0,3130.0,3214.4285714285716,0,20,6,0
2022-06-21,3358,3414.0,3031.0,3261.1428571428573,1,21,6,0
2022-06-22,3098,3358.0,3356.0,3224.285714285714,2,22,6,0
2022-06-23,3414,3098.0,3448.0,3219.4285714285716,3,23,6,0
2022-06-24,2959,3414.0,3085.0,3201.4285714285716,4,24,6,0
2022-06-25,3133,2959.0,3123.0,3202.8571428571427,5,25,6,1
2022-06-26,3030,3133.0,3044.0,3200.8571428571427,6,26,6,1
2022-06-27,3255,3030.0,3414.0,3178.1428571428573,0,27,6,0
2022-06-28,3317,3255.0,3358.0,3172.285714285714,1,28,6,0
2022-06-29,3415,3317.0,3098.0,3217.5714285714284,2,29,6,0
2022-06-30,3220,3415.0,3414.0,3189.8571428571427,3,30,6,0
2022-07-01,3238,3220.0,2959.0,3229.714285714286,4,1,7,0
2022-07-02,3034,3238.0,3133.0,3215.5714285714284,5,2,7,1
2022-07-03,3237,3034.0,3030.0,3245.1428571428573,6,3,7,1
2022-07-04,3342,3237.0,3255.0,3257.5714285714284,0,4,7,0
2022-07-05,3182,3342.0,3317.0,3238.285714285714,1,5,7,0
2022-07-06,3097,3182.0,3415.0,3192.8571428571427,2,6,7,0
2022-07-07,3349,3097.0,3220.0,3211.285714285714,3,7,7,0
2022-07-08,2798,3349.0,3238.0,3148.4285714285716,4,8,7,0
2022-07-09,3075,2798.0,3034.0,3154.285714285714,5,9,7,1
2022-07-10,3306,3075.0,3237.0,3164.1428571428573,6,10,7,1
2022-07-11,3135,3306.0,3342.0,3134.5714285714284,0,11,7,0
2022-07-12,3228,3135.0,3182.0,3141.1428571428573,1,12,7,0
2022-07-13,3215,3228.0,3097.0,3158.0,2,13,7,0
2022-07-14,2914,3215.0,3349.0,3095.8571428571427,3,14,7,0
2022-07-15,3391,2914.0,2798.0,3180.5714285714284,4,15,7,0
2022-07-16,3025,3391.0,3075.0,3173.4285714285716,5,16,7,1
2022-07-17,3212,3025.0,3306.0,3160.0,6,17,7,1
2022-07-18,3188,3212.0,3135.0,3167.5714285714284,0,18,7,0
2022-07-19,3140,3188.0,3228.0,3155.0,1,19,7,0
2022-07-20,3365,3140.0,3215.0,3176.4285714285716,2,20,7,0
2022-07-21,3239,3365.0,2914.0,3222.8571428571427,3,21,7,0
2022-07-22,3085,3239.0,3391.0,3179.1428571428573,4,22,7,0
2022-07-23,3449,3085.0,3025.0,3239.714285714286,5,23,7,1
2022-07-24,3198,3449.0,3212.0,3237.714285714286,6,24,7,1
2022-07-25,3246,3198.0,3188.0,3246.0,0,25,7,0
2022-07-26,3380,3246.0,3140.0,3280.285714285714,1,26,7,0
2022-07-27,3383,3380.0,3365.0,3282.8571428571427,2,27,7,0
2022-07-28,3119,3383.0,3239.0,3265.714285714286,3,28,7,0
2022-07-29,3310,3119.0,3085.0,3297.8571428571427,4,29,7,0
2022-07-30,2880,3310.0,3449.0,3216.5714285714284,5,30,7,1
2022-07-31,3389,2880.0,3198.0,3243.8571428571427,6,31,7,1
2022-08-01,3060,3389.0,3246.0,3217.285714285714,0,1,8,0
2022-08-02,3206,3060.0,3380.0,3192.4285714285716,1,2,8,0
2022-08-03,3243,3206.0,3383.0,3172.4285714285716,2,3,8,0
2022-08-04,2978,3243.0,3119.0,3152.285714285714,3,4,8,0
2022-08-05,3113,2978.0,3310.0,3124.1428571428573,4,5,8,0
2022-08-06,3407,3113.0,2880.0,3199.4285714285716,5,6,8,1
2022-08-07,3043,3407.0,3389.0,3150.0,6,7,8,1
2022-08-08,3532,3043.0,3060.0,3217.4285714285716,0,8,8,0
2022-08-09,2995,3532.0,3206.0,3187.285714285714,1,9,8,0
2022-08-10,3839,2995.0,3243.0,3272.4285714285716,2,10,8,0
2022-08-11,3260,3839.0,2978.0,3312.714285714286,3,11,8,0
2022-08-12,3123,3260.0,3113.0,3314.1428571428573,4,12,8,0
2022-08-13,3200,3123.0,3407.0,3284.5714285714284,5,13,8,1
2022-08-14,3158,3200.0,3043.0,3301.0,6,14,8,1
2022-08-15,3485,3158.0,3532.0,3294.285714285714,0,15,8,0
2022-08-16,3278,3485.0,2995.0,3334.714285714286,1,16,8,0
2022-08-17,3333,3278.0,3839.0,3262.4285714285716,2,17,8,0
2022-08-18,3028,3333.0,3260.0,3229.285714285714,3,18,8,0
2022-08-19,3152,3028.0,3123.0,3233.4285714285716,4,19,8,0
2022-08-20,3136,3152.0,3200.0,3224.285714285714,5,20,8,1
2022-08-21,2897,3136.0,3158.0,3187.0,6,21,8,1
2022-08-22,3180,2897.0,3485.0,3143.4285714285716,0,22,8,0
2022-08-23,3350,3180.0,3278.0,3153.714285714286,1,23,8,0
2022-08-24,3456,3350.0,3333.0,3171.285714285714,2,24,8,0
2022-08-25,3395,3456.0,3028.0,3223.714285714286,3,25,8,0
2022-08-26,3333,3395.0,3152.0,3249.5714285714284,4,26,8,0
2022-08-27,3055,3333.0,3136.0,3238.0,5,27,8,1
2022-08-28,3269,3055.0,2897.0,3291.1428571428573,6,28,8,1
2022-08-29,3575,3269.0,3180.0,3347.5714285714284,0,29,8,0
2022-08-30,2994,3575.0,3350.0,3296.714285714286,1,30,8,0
2022-08-31,3255,2994.0,3456.0,3268.0,2,31,8,0
2022-09-01,3371,3255.0,3395.0,3264.5714285714284,3,1,9,0
2022-09-02,3330,3371.0,3333.0,3264.1428571428573,4,2,9,0
2022-09-03,3168,3330.0,3055.0,3280.285714285714,5,3,9,1
2022-09-04,3086,3168.0,3269.0,3254.1428571428573,6,4,9,1
2022-09-05,3125,3086.0,3575.0,3189.8571428571427,0,5,9,0
2022-09-06,3025,3125.0,2994.0,3194.285714285714,1,6,9,0
2022-09-07,3190,3025.0,3255.0,3185.0,2,7,9,0
2022-09-08,3104,3190.0,3371.0,3146.8571428571427,3,8,9,0
2022-09-09,3096,3104.0,3330.0,3113.4285714285716,4,9,9,0
2022-09-10,3201,3096.0,3168.0,3118.1428571428573,5,10,9,1
2022-09-11,3210,3201.0,3086.0,3135.8571428571427,6,11,9,1
2022-09-12,3130,3210.0,3125.0,3136.5714285714284,0,12,9,0
2022-09-13,3320,3130.0,3025.0,3178.714285714286,1,13,9,0
2022-09-14,2991,3320.0,3190.0,3150.285714285714,2,14,9,0
2022-09-15,3064,2991.0,3104.0,3144.5714285714284,3,15,9,0
2022-09-16,3251,3064.0,3096.0,3166.714285714286,4,16,9,0
2022-09-17,3154,3251.0,3201.0,3160.0,5,17,9,1
2022-09-18,3187,3154.0,3210.0,3156.714285714286,6,18,9,1
2022-09-19,3257,3187.0,3130.0,3174.8571428571427,0,19,9,0
2022-09-20,3006,3257.0,3320.0,3130.0,1,20,9,0
2022-09-21,3157,3006.0,2991.0,3153.714285714286,2,21,9,0
2022-09-22,3231,3157.0,3064.0,3177.5714285714284,3,22,9,0
2022-09-23,3291,3231.0,3251.0,3183.285714285714,4,23,9,0
2022-09-24,2895,3291.0,3154.0,3146.285714285714,5,24,9,1
2022-09-25,3404,2895.0,3187.0,3177.285714285714,6,25,9,1
2022-09-26,3095,3404.0,3257.0,3154.1428571428573,0,26,9,0
2022-09-27,3147,3095.0,3006.0,3174.285714285714,1,27,9,0
2022-09-28,3051,3147.0,3157.0,3159.1428571428573,2,28,9,0
2022-09-29,2929,3051.0,3231.0,3116.0,3,29,9,0
2022-09-30,3000,2929.0,3291.0,3074.4285714285716,4,30,9,0
2022-10-01,3203,3000.0,2895.0,3118.4285714285716,5,1,10,1
2022-10-02,3283,3203.0,3404.0,3101.1428571428573,6,2,10,1
2022-10-03,3143,3283.0,3095.0,3108.0,0,3,10,0
2022-10-04,3116,3143.0,3147.0,3103.5714285714284,1,4,10,0
2022-10-05,3303,3116.0,3051.0,3139.5714285714284,2,5,10,0
2022-10-06,2837,3303.0,2929.0,3126.4285714285716,3,6,10,0
2022-10-07,3301,2837.0,3000.0,3169.4285714285716,4,7,10,0
2022-10-08,3015,3301.0,3203.0,3142.5714285714284,5,8,10,1
2022-10-09,3075,3015.0,3283.0,3112.8571428571427,6,9,10,1
2022-10-10,3015,3075.0,3143.0,3094.5714285714284,0,10,10,0
2022-10-11,3356,3015.0,3116.0,3128.8571428571427,1,11,10,0
2022-10-12,3219,3356.0,3303.0,3116.8571428571427,2,12,10,0
2022-10-13,3307,3219.0,2837.0,3184.0,3,13,10,0
2022-10-14,3183,3307.0,3301.0,3167.1428571428573,4,14,10,0
2022-10-15,3444,3183.0,3015.0,3228.4285714285716,5,15,10,1
2022-10-16,3485,3444.0,3075.0,3287.0,6,16,10,1
2022-10-17,3052,3485.0,3015.0,3292.285714285714,0,17,10,0
2022-10-18,3363,3052.0,3356.0,3293.285714285714,1,18,10,0
2022-10-19,3119,3363.0,3219.0,3279.0,2,19,10,0
2022-10-20,3239,3119.0,3307.0,3269.285714285714,3,20,10,0
2022-10-21,3238,3239.0,3183.0,3277.1428571428573,4,21,10,0
2022-10-22,3035,3238.0,3444.0,3218.714285714286,5,22,10,1
2022-10-23,3072,3035.0,3485.0,3159.714285714286,6,23,10,1
2022-10-24,3207,3072.0,3052.0,3181.8571428571427,0,24,10,0
2022-10-25,3302,3207.0,3363.0,3173.1428571428573,1,25,10,0
2022-10-26,2934,3302.0,3119.0,3146.714285714286,2,26,10,0
2022-10-27,3208,2934.0,3239.0,3142.285714285714,3,27,10,0
2022-10-28,3296,3208.0,3238.0,3150.5714285714284,4,28,10,0
2022-10-29,3290,3296.0,3035.0,3187.0,5,29,10,1
2022-10-30,3150,3290.0,3072.0,3198.1428571428573,6,30,10,1
2022-10-31,3153,3150.0,3207.0,3190.4285714285716,0,31,10,0
2022-11-01,3117,3153.0,3302.0,3164.0,1,1,11,0
2022-11-02,3373,3117.0,2934.0,3226.714285714286,2,2,11,0
2022-11-03,3527,3373.0,3208.0,3272.285714285714,3,3,11,0
2022-11-04,3272,3527.0,3296.0,3268.8571428571427,4,4,11,0
2022-11-05,3070,3272.0,3290.0,3237.4285714285716,5,5,11,1
2022-11-06,3220,3070.0,3150.0,3247.4285714285716,6,6,11,1
2022-11-07,3226,3220.0,3153.0,3257.8571428571427,0,7,11,0
2022-11-08,3410,3226.0,3117.0,3299.714285714286,1,8,11,0
2022-11-09,3273,3410.0,3373.0,3285.4285714285716,2,9,11,0
2022-11-10,3316,3273.0,3527.0,3255.285714285714,3,10,11,0
2022-11-11,3165,3316.0,3272.0,3240.0,4,11,11,0
2022-11-12,3144,3165.0,3070.0,3250.5714285714284,5,12,11,1
2022-11-13,2957,3144.0,3220.0,3213.0,6,13,11,1
2022-11-14,3196,2957.0,3226.0,3208.714285714286,0,14,11,0
2022-11-15,3391,3196.0,3410.0,3206.0,1,15,11,0
2022-11-16,3431,3391.0,3273.0,3228.5714285714284,2,16,11,0
2022-11-17,3184,3431.0,3316.0,3209.714285714286,3,17,11,0
2022-11-18,3083,3184.0,3165.0,3198.0,4,18,11,0
2022-11-19,3612,3083.0,3144.0,3264.8571428571427,5,19,11,1
2022-11-20,2964,3612.0,2957.0,3265.8571428571427,6,20,11,1
2022-11-21,3319,2964.0,3196.0,3283.4285714285716,0,21,11,0
2022-11-22,3182,3319.0,3391.0,3253.5714285714284,1,22,11,0
2022-11-23,3045,3182.0,3431.0,3198.4285714285716,2,23,11,0
2022-11-24,3047,3045.0,3184.0,3178.8571428571427,3,24,11,0
2022-11-25,3224,3047.0,3083.0,3199.0,4,25,11,0
2022-11-26,3171,3224.0,3612.0,3136.0,5,26,11,1
2022-11-27,3148,3171.0,2964.0,3162.285714285714,6,27,11,1
2022-11-28,3501,3148.0,3319.0,3188.285714285714,0,28,11,0
2022-11-29,3510,3501.0,3182.0,3235.1428571428573,1,29,11,0
2022-11-30,3294,3510.0,3045.0,3270.714285714286,2,30,11,0
2022-12-01,3344,3294.0,3047.0,3313.1428571428573,3,1,12,0
2022-12-02,3131,3344.0,3224.0,3299.8571428571427,4,2,12,0
2022-12-03,3332,3131.0,3171.0,3322.8571428571427,5,3,12,1
2022-12-04,3528,3332.0,3148.0,3377.1428571428573,6,4,12,1
2022-12-05,3451,3528.0,3501.0,3370.0,0,5,12,0
2022-12-06,3041,3451.0,3510.0,3303.0,1,6,12,0
2022-12-07,3152,3041.0,3294.0,3282.714285714286,2,7,12,0
2022-12-08,3260,3152.0,3344.0,3270.714285714286,3,8,12,0
2022-12-09,3165,3260.0,3131.0,3275.5714285714284,4,9,12,0
2022-12-10,2805,3165.0,3332.0,3200.285714285714,5,10,12,1
2022-12-11,3189,2805.0,3528.0,3151.8571428571427,6,11,12,1
2022-12-12,3296,3189.0,3451.0,3129.714285714286,0,12,12,0
2022-12-13,3297,3296.0,3041.0,3166.285714285714,1,13,12,0
2022-12-14,3233,3297.0,3152.0,3177.8571428571427,2,14,12,0
2022-12-15,3369,3233.0,3260.0,3193.4285714285716,3,15,12,0
2022-12-16,3379,3369.0,3165.0,3224.0,4,16,12,0
2022-12-17,3092,3379.0,2805.0,3265.0,5,17,12,1
2022-12-18,3299,3092.0,3189.0,3280.714285714286,6,18,12,1
2022-12-19,3005,3299.0,3296.0,3239.1428571428573,0,19,12,0
2022-12-20,3001,3005.0,3297.0,3196.8571428571427,1,20,12,0
2022-12-21,3158,3001.0,3233.0,3186.1428571428573,2,21,12,0
2022-12-22,3450,3158.0,3369.0,3197.714285714286,3,22,12,0
2022-12-23,3042,3450.0,3379.0,3149.5714285714284,4,23,12,0
2022-12-24,3056,3042.0,3092.0,3144.4285714285716,5,24,12,1
2022-12-25,3267,3056.0,3299.0,3139.8571428571427,6,25,12,1
2022-12-26,3350,3267.0,3005.0,3189.1428571428573,0,26,12,0
2022-12-27,3101,3350.0,3001.0,3203.4285714285716,1,27,12,0
2022-12-28,3226,3101.0,3158.0,3213.1428571428573,2,28,12,0
2022-12-29,3207,3226.0,3450.0,3178.4285714285716,3,29,12,0
2022-12-30,3264,3207.0,3042.0,3210.1428571428573,4,30,12,0
2022-12-31,3172,3264.0,3056.0,3226.714285714286,5,31,12,1
2023-01-01,3335,3172.0,3267.0,3236.4285714285716,6,1,1,1
2023-01-02,3320,3335.0,3350.0,3232.1428571428573,0,2,1,0
2023-01-03,3460,3320.0,3101.0,3283.4285714285716,1,3,1,0
2023-01-04,3136,3460.0,3226.0,3270.5714285714284,2,4,1,0
2023-01-05,3113,3136.0,3207.0,3257.1428571428573,3,5,1,0
2023-01-06,3357,3113.0,3264.0,3270.4285714285716,4,6,1,0
2023-01-07,3095,3357.0,3172.0,3259.4285714285716,5,7,1,1
2023-01-08,3459,3095.0,3335.0,3277.1428571428573,6,8,1,1
2023-01-09,3229,3459.0,3320.0,3264.1428571428573,0,9,1,0
2023-01-10,3150,3229.0,3460.0,3219.8571428571427,1,10,1,0
2023-01-11,3177,3150.0,3136.0,3225.714285714286,2,11,1,0
2023-01-12,3349,3177.0,3113.0,3259.4285714285716,3,12,1,0
2023-01-13,3255,3349.0,3357.0,3244.8571428571427,4,13,1,0
2023-01-14,3320,3255.0,3095.0,3277.0,5,14,1,1
2023-01-15,3086,3320.0,3459.0,3223.714285714286,6,15,1,1
2023-01-16,3102,3086.0,3229.0,3205.5714285714284,0,16,1,0
2023-01-17,3082,3102.0,3150.0,3195.8571428571427,1,17,1,0
2023-01-18,3080,3082.0,3177.0,3182.0,2,18,1,0
2023-01-19,3167,3080.0,3349.0,3156.0,3,19,1,0
2023-01-20,3108,3167.0,3255.0,3135.0,4,20,1,0
2023-01-21,3039,3108.0,3320.0,3094.8571428571427,5,21,1,1
2023-01-22,3557,3039.0,3086.0,3162.1428571428573,6,22,1,1
2023-01-23,3158,3557.0,3102.0,3170.1428571428573,0,23,1,0
2023-01-24,3216,3158.0,3082.0,3189.285714285714,1,24,1,0
2023-01-25,3018,3216.0,3080.0,3180.4285714285716,2,25,1,0
2023-01-26,3062,3018.0,3167.0,3165.4285714285716,3,26,1,0
2023-01-27,2937,3062.0,3108.0,3141.0,4,27,1,0
2023-01-28,3397,2937.0,3039.0,3192.1428571428573,5,28,1,1
2023-01-29,3296,3397.0,3557.0,3154.8571428571427,6,29,1,1
2023-01-30,3160,3296.0,3158.0,3155.1428571428573,0,30,1,0
2023-01-31,3308,3160.0,3216.0,3168.285714285714,1,31,1,0
2023-02-01,3245,3308.0,3018.0,3200.714285714286,2,1,2,0
2023-02-02,3366,3245.0,3062.0,3244.1428571428573,3,2,2,0
2023-02-03,3123,3366.0,2937.0,3270.714285714286,4,3,2,0
2023-02-04,2965,3123.0,3397.0,3209.0,5,4,2,1
2023-02-05,3216,2965.0,3296.0,3197.5714285714284,6,5,2,1
2023-02-06,3225,3216.0,3160.0,3206.8571428571427,0,6,2,0
2023-02-07,3225,3225.0,3308.0,3195.0,1,7,2,0
2023-02-08,3306,3225.0,3245.0,3203.714285714286,2,8,2,0
2023-02-09,3676,3306.0,3366.0,3248.0,3,9,2,0
2023-02-10,3181,3676.0,3123.0,3256.285714285714,4,10,2,0
2023-02-11,3059,3181.0,2965.0,3269.714285714286,5,11,2,1
2023-02-12,2989,3059.0,3216.0,3237.285714285714,6,12,2,1
2023-02-13,3281,2989.0,3225.0,3245.285714285714,0,13,2,0
2023-02-14,3187,3281.0,3225.0,3239.8571428571427,1,14,2,0
2023-02-15,3243,3187.0,3306.0,3230.8571428571427,2,15,2,0
2023-02-16,3025,3243.0,3676.0,3137.8571428571427,3,16,2,0
2023-02-17,3345,3025.0,3181.0,3161.285714285714,4,17,2,0
2023-02-18,3007,3345.0,3059.0,3153.8571428571427,5,18,2,1
2023-02-19,3175,3007.0,2989.0,3180.4285714285716,6,19,2,1
2023-02-20,3171,3175.0,3281.0,3164.714285714286,0,20,2,0
2023-02-21,3361,3171.0,3187.0,3189.5714285714284,1,21,2,0
2023-02-22,2961,3361.0,3243.0,3149.285714285714,2,22,2,0
2023-02-23,3119,2961.0,3025.0,3162.714285714286,3,23,2,0
2023-02-24,3156,3119.0,3345.0,3135.714285714286,4,24,2,0
2023-02-25,3459,3156.0,3007.0,3200.285714285714,5,25,2,1
2023-02-26,3178,3459.0,3175.0,3200.714285714286,6,26,2,1
2023-02-27,3226,3178.0,3171.0,3208.5714285714284,0,27,2,0
2023-02-28,3082,3226.0,3361.0,3168.714285714286,1,28,2,0
2023-03-01,3045,3082.0,2961.0,3180.714285714286,2,1,3,0
2023-03-02,3253,3045.0,3119.0,3199.8571428571427,3,2,3,0
2023-03-03,3108,3253.0,3156.0,3193.0,4,3,3,0
2023-03-04,3203,3108.0,3459.0,3156.4285714285716,5,4,3,1
2023-03-05,3273,3203.0,3178.0,3170.0,6,5,3,1
2023-03-06,3403,3273.0,3226.0,3195.285714285714,0,6,3,0
2023-03-07,3547,3403.0,3082.0,3261.714285714286,1,7,3,0
2023-03-08,3306,3547.0,3045.0,3299.0,2,8,3,0
2023-03-09,3418,3306.0,3253.0,3322.5714285714284,3,9,3,0
2023-03-10,3062,3418.0,3108.0,3316.0,4,10,3,0
2023-03-11,2811,3062.0,3203.0,3260.0,5,11,3,1
2023-03-12,3150,2811.0,3273.0,3242.4285714285716,6,12,3,1
2023-03-13,3235,3150.0,3403.0,3218.4285714285716,0,13,3,0
2023-03-14,3185,3235.0,3547.0,3166.714285714286,1,14,3,0
2023-03-15,3103,3185.0,3306.0,3137.714285714286,2,15,3,0
2023-03-16,3282,3103.0,3418.0,3118.285714285714,3,16,3,0
2023-03-17,3013,3282.0,3062.0,3111.285714285714,4,17,3,0
2023-03-18,3233,3013.0,2811.0,3171.5714285714284,5,18,3,1
2023-03-19,3329,3233.0,3150.0,3197.1428571428573,6,19,3,1
2023-03-20,3177,3329.0,3235.0,3188.8571428571427,0,20,3,0
2023-03-21,3113,3177.0,3185.0,3178.5714285714284,1,21,3,0
2023-03-22,3473,3113.0,3103.0,3231.4285714285716,2,22,3,0
2023-03-23,3039,3473.0,3282.0,3196.714285714286,3,23,3,0
2023-03-24,3069,3039.0,3013.0,3204.714285714286,4,24,3,0
2023-03-25,3229,3069.0,3233.0,3204.1428571428573,5,25,3,1
2023-03-26,3394,3229.0,3329.0,3213.4285714285716,6,26,3,1
2023-03-27,3090,3394.0,3177.0,3201.0,0,27,3,0
2023-03-28,3221,3090.0,3113.0,3216.4285714285716,1,28,3,0
2023-03-29,3361,3221.0,3473.0,3200.4285714285716,2,29,3,0
2023-03-30,3278,3361.0,3039.0,3234.5714285714284,3,30,3,0
2023-03-31,3236,3278.0,3069.0,3258.4285714285716,4,31,3,0
2023-04-01,3347,3236.0,3229.0,3275.285714285714,5,1,4,1
2023-04-02,3421,3347.0,3394.0,3279.1428571428573,6,2,4,1
2023-04-03,3303,3421.0,3090.0,3309.5714285714284,0,3,4,0
2023-04-04,3265,3303.0,3221.0,3315.8571428571427,1,4,4,0
2023-04-05,3234,3265.0,3361.0,3297.714285714286,2,5,4,0
2023-04-06,3464,3234.0,3278.0,3324.285714285714,3,6,4,0
2023-04-07,3040,3464.0,3236.0,3296.285714285714,4,7,4,0
2023-04-08,3145,3040.0,3347.0,3267.4285714285716,5,8,4,1
2023-04-09,3324,3145.0,3421.0,3253.5714285714284,6,9,4,1
2023-04-10,3338,3324.0,3303.0,3258.5714285714284,0,10,4,0
2023-04-11,3101,3338.0,3265.0,3235.1428571428573,1,11,4,0
2023-04-12,3081,3101.0,3234.0,3213.285714285714,2,12,4,0
2023-04-13,3165,3081.0,3464.0,3170.5714285714284,3,13,4,0
2023-04-14,3190,3165.0,3040.0,3192.0,4,14,4,0
2023-04-15,3352,3190.0,3145.0,3221.5714285714284,5,15,4,1
2023-04-16,3226,3352.0,3324.0,3207.5714285714284,6,16,4,1
2023-04-17,3180,3226.0,3338.0,3185.0,0,17,4,0
2023-04-18,3353,3180.0,3101.0,3221.0,1,18,4,0
2023-04-19,3043,3353.0,3081.0,3215.5714285714284,2,19,4,0
2023-04-20,3295,3043.0,3165.0,3234.1428571428573,3,20,4,0
2023-04-21,3227,3295.0,3190.0,3239.4285714285716,4,21,4,0
2023-04-22,3311,3227.0,3352.0,3233.5714285714284,5,22,4,1
2023-04-23,3336,3311.0,3226.0,3249.285714285714,6,23,4,1
2023-04-24,3343,3336.0,3180.0,3272.5714285714284,0,24,4,0
2023-04-25,3469,3343.0,3353.0,3289.1428571428573,1,25,4,0
2023-04-26,3222,3469.0,3043.0,3314.714285714286,2,26,4,0
2023-04-27,3305,3222.0,3295.0,3316.1428571428573,3,27,4,0
2023-04-28,3001,3305.0,3227.0,3283.8571428571427,4,28,4,0
2023-04-29,3062,3001.0,3311.0,3248.285714285714,5,29,4,1
2023-04-30,3346,3062.0,3336.0,3249.714285714286,6,30,4,1
2023-05-01,3241,3346.0,3343.0,3235.1428571428573,0,1,5,0
2023-05-02,2907,3241.0,3469.0,3154.8571428571427,1,2,5,0
2023-05-03,3352,2907.0,3222.0,3173.4285714285716,2,3,5,0
2023-05-04,3441,3352.0,3305.0,3192.8571428571427,3,4,5,0
2023-05-05,2967,3441.0,3001.0,3188.0,4,5,5,0
2023-05-06,3063,2967.0,3062.0,3188.1428571428573,5,6,5,1
2023-05-07,3189,3063.0,3346.0,3165.714285714286,6,7,5,1
2023-05-08,2998,3189.0,3241.0,3131.0,0,8,5,0
2023-05-09,3154,2998.0,2907.0,3166.285714285714,1,9,5,0
2023-05-10,3187,3154.0,3352.0,3142.714285714286,2,10,5,0
2023-05-11,3181,3187.0,3441.0,3105.5714285714284,3,11,5,0
2023-05-12,3044,3181.0,2967.0,3116.5714285714284,4,12,5,0
2023-05-13,3100,3044.0,3063.0,3121.8571428571427,5,13,5,1
2023-05-14,3050,3100.0,3189.0,3102.0,6,14,5,1
2023-05-15,3312,3050.0,2998.0,3146.8571428571427,0,15,5,0
2023-05-16,3138,3312.0,3154.0,3144.5714285714284,1,16,5,0
2023-05-17,3366,3138.0,3187.0,3170.1428571428573,2,17,5,0
2023-05-18,3465,3366.0,3181.0,3210.714285714286,3,18,5,0
2023-05-19,3417,3465.0,3044.0,3264.0,4,19,5,0
2023-05-20,2912,3417.0,3100.0,3237.1428571428573,5,20,5,1
2023-05-21,3170,2912.0,3050.0,3254.285714285714,6,21,5,1
2023-05-22,2900,3170.0,3312.0,3195.4285714285716,0,22,5,0
2023-05-23,3121,2900.0,3138.0,3193.0,1,23,5,0
2023-05-24,3284,3121.0,3366.0,3181.285714285714,2,24,5,0
2023-05-25,3197,3284.0,3465.0,3143.0,3,25,5,0
2023-05-26,3003,3197.0,3417.0,3083.8571428571427,4,26,5,0
2023-05-27,3376,3003.0,2912.0,3150.1428571428573,5,27,5,1
2023-05-28,3207,3376.0,3170.0,3155.4285714285716,6,28,5,1
2023-05-29,3214,3207.0,2900.0,3200.285714285714,0,29,5,0
2023-05-30,3220,3214.0,3121.0,3214.4285714285716,1,30,5,0
2023-05-31,3289,3220.0,3284.0,3215.1428571428573,2,31,5,0
2023-06-01,3247,3289.0,3197.0,3222.285714285714,3,1,6,0
2023-06-02,3220,3247.0,3003.0,3253.285714285714,4,2,6,0
2023-06-03,3183,3220.0,3376.0,3225.714285714286,5,3,6,1
2023-06-04,3268,3183.0,3207.0,3234.4285714285716,6,4,6,1
2023-06-05,3075,3268.0,3214.0,3214.5714285714284,0,5,6,0
2023-06-06,3143,3075.0,3220.0,3203.5714285714284,1,6,6,0
2023-06-07,3300,3143.0,3289.0,3205.1428571428573,2,7,6,0
2023-06-08,3218,3300.0,3247.0,3201.0,3,8,6,0
2023-06-09,3171,3218.0,3220.0,3194.0,4,9,6,0
2023-06-10,3094,3171.0,3183.0,3181.285714285714,5,10,6,1
2023-06-11,3047,3094.0,3268.0,3149.714285714286,6,11,6,1
2023-06-12,3120,3047.0,3075.0,3156.1428571428573,0,12,6,0
2023-06-13,3280,3120.0,3143.0,3175.714285714286,1,13,6,0
2023-06-14,3457,3280.0,3300.0,3198.1428571428573,2,14,6,0
2023-06-15,3471,3457.0,3218.0,3234.285714285714,3,15,6,0
2023-06-16,3084,3471.0,3171.0,3221.8571428571427,4,16,6,0
2023-06-17,3416,3084.0,3094.0,3267.8571428571427,5,17,6,1
2023-06-18,3122,3416.0,3047.0,3278.5714285714284,6,18,6,1
2023-06-19,3100,3122.0,3120.0,3275.714285714286,0,19,6,0
2023-06-20,3018,3100.0,3280.0,3238.285714285714,1,20,6,0
2023-06-21,3499,3018.0,3457.0,3244.285714285714,2,21,6,0
2023-06-22,3232,3499.0,3471.0,3210.1428571428573,3,22,6,0
2023-06-23,3112,3232.0,3084.0,3214.1428571428573,4,23,6,0
2023-06-24,3263,3112.0,3416.0,3192.285714285714,5,24,6,1
2023-06-25,3095,3263.0,3122.0,3188.4285714285716,6,25,6,1
2023-06-26,3254,3095.0,3100.0,3210.4285714285716,0,26,6,0
2023-06-27,3332,3254.0,3018.0,3255.285714285714,1,27,6,0
2023-06-28,2965,3332.0,3499.0,3179.0,2,28,6,0
2023-06-29,3166,2965.0,3232.0,3169.5714285714284,3,29,6,0
2023-06-30,3120,3166.0,3112.0,3170.714285714286,4,30,6,0
2023-07-01,3309,3120.0,3263.0,3177.285714285714,5,1,7,1
2023-07-02,3204,3309.0,3095.0,3192.8571428571427,6,2,7,1
2023-07-03,3140,3204.0,3254.0,3176.5714285714284,0,3,7,0
2023-07-04,3508,3140.0,3332.0,3201.714285714286,1,4,7,0
2023-07-05,3267,3508.0,2965.0,3244.8571428571427,2,5,7,0
2023-07-06,3173,3267.0,3166.0,3245.8571428571427,3,6,7,0
2023-07-07,3383,3173.0,3120.0,3283.4285714285716,4,7,7,0
2023-07-08,3236,3383.0,3309.0,3273.0,5,8,7,1
2023-07-09,3296,3236.0,3204.0,3286.1428571428573,6,9,7,1
2023-07-10,3212,3296.0,3140.0,3296.4285714285716,0,10,7,0
2023-07-11,3212,3212.0,3508.0,3254.1428571428573,1,11,7,0
2023-07-12,3206,3212.0,3267.0,3245.4285714285716,2,12,7,0
2023-07-13,3316,3206.0,3173.0,3265.8571428571427,3,13,7,0
2023-07-14,3115,3316.0,3383.0,3227.5714285714284,4,14,7,0
2023-07-15,2906,3115.0,3236.0,3180.4285714285716,5,15,7,1
2023-07-16,3363,2906.0,3296.0,3190.0,6,16,7,1
2023-07-17,3348,3363.0,3212.0,3209.4285714285716,0,17,7,0
2023-07-18,3196,3348.0,3212.0,3207.1428571428573,1,18,7,0
2023-07-19,2940,3196.0,3206.0,3169.1428571428573,2,19,7,0
2023-07-20,3180,2940.0,3316.0,3149.714285714286,3,20,7,0
2023-07-21,3242,3180.0,3115.0,3167.8571428571427,4,21,7,0
2023-07-22,2870,3242.0,2906.0,3162.714285714286,5,22,7,1
2023-07-23,3239,2870.0,3363.0,3145.0,6,23,7,1
2023-07-24,3169,3239.0,3348.0,3119.4285714285716,0,24,7,0
2023-07-25,3202,3169.0,3196.0,3120.285714285714,1,25,7,0
2023-07-26,3240,3202.0,2940.0,3163.1428571428573,2,26,7,0
2023-07-27,3207,3240.0,3180.0,3167.0,3,27,7,0
2023-07-28,3293,3207.0,3242.0,3174.285714285714,4,28,7,0
2023-07-29,3204,3293.0,2870.0,3222.0,5,29,7,1
2023-07-30,3223,3204.0,3239.0,3219.714285714286,6,30,7,1
2023-07-31,3112,3223.0,3169.0,3211.5714285714284,0,31,7,0
2023-08-01,3173,3112.0,3202.0,3207.4285714285716,1,1,8,0
2023-08-02,2935,3173.0,3240.0,3163.8571428571427,2,2,8,0
2023-08-03,3219,2935.0,3207.0,3165.5714285714284,3,3,8,0
2023-08-04,2943,3219.0,3293.0,3115.5714285714284,4,4,8,0
2023-08-05,3221,2943.0,3204.0,3118.0,5,5,8,1
2023-08-06,3388,3221.0,3223.0,3141.5714285714284,6,6,8,1
2023-08-07,3218,3388.0,3112.0,3156.714285714286,0,7,8,0
2023-08-08,3191,3218.0,3173.0,3159.285714285714,1,8,8,0
2023-08-09,2941,3191.0,2935.0,3160.1428571428573,2,9,8,0
2023-08-10,3049,2941.0,3219.0,3135.8571428571427,3,10,8,0
2023-08-11,2988,3049.0,2943.0,3142.285714285714,4,11,8,0
2023-08-12,3208,2988.0,3221.0,3140.4285714285716,5,12,8,1
2023-08-13,2991,3208.0,3388.0,3083.714285714286,6,13,8,1
2023-08-14,3090,2991.0,3218.0,3065.4285714285716,0,14,8,0
2023-08-15,3312,3090.0,3191.0,3082.714285714286,1,15,8,0
2023-08-16,3222,3312.0,2941.0,3122.8571428571427,2,16,8,0
2023-08-17,3401,3222.0,3049.0,3173.1428571428573,3,17,8,0
2023-08-18,3305,3401.0,2988.0,3218.4285714285716,4,18,8,0
2023-08-19,3232,3305.0,3208.0,3221.8571428571427,5,19,8,1
2023-08-20,3393,3232.0,2991.0,3279.285714285714,6,20,8,1
2023-08-21,2995,3393.0,3090.0,3265.714285714286,0,21,8,0
2023-08-22,3142,2995.0,3312.0,3241.4285714285716,1,22,8,0
2023-08-23,3525,3142.0,3222.0,3284.714285714286,2,23,8,0
2023-08-24,3461,3525.0,3401.0,3293.285714285714,3,24,8,0
2023-08-25,3300,3461.0,3305.0,3292.5714285714284,4,25,8,0
2023-08-26,3507,3300.0,3232.0,3331.8571428571427,5,26,8,1
2023-08-27,3050,3507.0,3393.0,3282.8571428571427,6,27,8,1
2023-08-28,3274,3050.0,2995.0,3322.714285714286,0,28,8,0
2023-08-29,2946,3274.0,3142.0,3294.714285714286,1,29,8,0
2023-08-30,3267,2946.0,3525.0,3257.8571428571427,2,30,8,0
2023-08-31,3122,3267.0,3461.0,3209.4285714285716,3,31,8,0
2023-09-01,3275,3122.0,3300.0,3205.8571428571427,4,1,9,0
2023-09-02,3106,3275.0,3507.0,3148.5714285714284,5,2,9,1
2023-09-03,3500,3106.0,3050.0,3212.8571428571427,6,3,9,1
2023-09-04,3002,3500.0,3274.0,3174.0,0,4,9,0
2023-09-05,3022,3002.0,2946.0,3184.8571428571427,1,5,9,0
2023-09-06,3109,3022.0,3267.0,3162.285714285714,2,6,9,0
2023-09-07,2889,3109.0,3122.0,3129.0,3,7,9,0
2023-09-08,3269,2889.0,3275.0,3128.1428571428573,4,8,9,0
2023-09-09,3404,3269.0,3106.0,3170.714285714286,5,9,9,1
2023-09-10,3074,3404.0,3500.0,3109.8571428571427,6,10,9,1
2023-09-11,3106,3074.0,3002.0,3124.714285714286,0,11,9,0
2023-09-12,3117,3106.0,3022.0,3138.285714285714,1,12,9,0
2023-09-13,3473,3117.0,3109.0,3190.285714285714,2,13,9,0
2023-09-14,3082,3473.0,2889.0,3217.8571428571427,3,14,9,0
2023-09-15,3264,3082.0,3269.0,3217.1428571428573,4,15,9,0
2023-09-16,3364,3264.0,3404.0,3211.4285714285716,5,16,9,1
2023-09-17,3299,3364.0,3074.0,3243.5714285714284,6,17,9,1
2023-09-18,3508,3299.0,3106.0,3301.0,0,18,9,0
2023-09-19,3433,3508.0,3117.0,3346.1428571428573,1,19,9,0
2023-09-20,3213,3433.0,3473.0,3309.0,2,20,9,0
2023-09-21,3241,3213.0,3082.0,3331.714285714286,3,21,9,0
2023-09-22,3357,3241.0,3264.0,3345.0,4,22,9,0
2023-09-23,3379,3357.0,3364.0,3347.1428571428573,5,23,9,1
2023-09-24,3156,3379.0,3299.0,3326.714285714286,6,24,9,1
2023-09-25,3214,3156.0,3508.0,3284.714285714286,0,25,9,0
2023-09-26,3299,3214.0,3433.0,3265.5714285714284,1,26,9,0
2023-09-27,3059,3299.0,3213.0,3243.5714285714284,2,27,9,0
2023-09-28,3174,3059.0,3241.0,3234.0,3,28,9,0
2023-09-29,3200,3174.0,3357.0,3211.5714285714284,4,29,9,0
2023-09-30,3224,3200.0,3379.0,3189.4285714285716,5,30,9,1
2023-10-01,3145,3224.0,3156.0,3187.8571428571427,6,1,10,1
2023-10-02,3273,3145.0,3214.0,3196.285714285714,0,2,10,0
2023-10-03,3098,3273.0,3299.0,3167.5714285714284,1,3,10,0
2023-10-04,3263,3098.0,3059.0,3196.714285714286,2,4,10,0
2023-10-05,3142,3263.0,3174.0,3192.1428571428573,3,5,10,0
2023-10-06,3445,3142.0,3200.0,3227.1428571428573,4,6,10,0
2023-10-07,3317,3445.0,3224.0,3240.4285714285716,5,7,10,1
2023-10-08,3063,3317.0,3145.0,3228.714285714286,6,8,10,1
2023-10-09,3326,3063.0,3273.0,3236.285714285714,0,9,10,0
2023-10-10,3257,3326.0,3098.0,3259.0,1,10,10,0
2023-10-11,3313,3257.0,3263.0,3266.1428571428573,2,11,10,0
2023-10-12,3045,3313.0,3142.0,3252.285714285714,3,12,10,0
2023-10-13,2907,3045.0,3445.0,3175.4285714285716,4,13,10,0
2023-10-14,3493,2907.0,3317.0,3200.5714285714284,5,14,10,1
2023-10-15,3271,3493.0,3063.0,3230.285714285714,6,15,10,1
2023-10-16,2992,3271.0,3326.0,3182.5714285714284,0,16,10,0
2023-10-17,3517,2992.0,3257.0,3219.714285714286,1,17,10,0
2023-10-18,3218,3517.0,3313.0,3206.1428571428573,2,18,10,0
2023-10-19,3261,3218.0,3045.0,3237.0,3,19,10,0
2023-10-20,3250,3261.0,2907.0,3286.0,4,20,10,0
2023-10-21,3159,3250.0,3493.0,3238.285714285714,5,21,10,1
2023-10-22,3283,3159.0,3271.0,3240.0,6,22,10,1
2023-10-23,3348,3283.0,2992.0,3290.8571428571427,0,23,10,0
2023-10-24,3403,3348.0,3517.0,3274.5714285714284,1,24,10,0
2023-10-25,3116,3403.0,3218.0,3260.0,2,25,10,0
2023-10-26,2842,3116.0,3261.0,3200.1428571428573,3,26,10,0
2023-10-27,3286,2842.0,3250.0,3205.285714285714,4,27,10,0
2023-10-28,3113,3286.0,3159.0,3198.714285714286,5,28,10,1
2023-10-29,3278,3113.0,3283.0,3198.0,6,29,10,1
2023-10-30,3194,3278.0,3348.0,3176.0,0,30,10,0
2023-10-31,3174,3194.0,3403.0,3143.285714285714,1,31,10,0
2023-11-01,3387,3174.0,3116.0,3182.0,2,1,11,0
2023-11-02,3120,3387.0,2842.0,3221.714285714286,3,2,11,0
2023-11-03,3165,3120.0,3286.0,3204.4285714285716,4,3,11,0
2023-11-04,3227,3165.0,3113.0,3220.714285714286,5,4,11,1
2023-11-05,3362,3227.0,3278.0,3232.714285714286,6,5,11,1
2023-11-06,3419,3362.0,3194.0,3264.8571428571427,0,6,11,0
2023-11-07,3477,3419.0,3174.0,3308.1428571428573,1,7,11,0
2023-11-08,3524,3477.0,3387.0,3327.714285714286,2,8,11,0
2023-11-09,2993,3524.0,3120.0,3309.5714285714284,3,9,11,0
2023-11-10,3354,2993.0,3165.0,3336.5714285714284,4,10,11,0
2023-11-11,3013,3354.0,3227.0,3306.0,5,11,11,1
2023-11-12,3179,3013.0,3362.0,3279.8571428571427,6,12,11,1
2023-11-13,2938,3179.0,3419.0,3211.1428571428573,0,13,11,0
2023-11-14,3220,2938.0,3477.0,3174.4285714285716,1,14,11,0
2023-11-15,3063,3220.0,3524.0,3108.5714285714284,2,15,11,0
2023-11-16,3303,3063.0,2993.0,3152.8571428571427,3,16,11,0
2023-11-17,3170,3303.0,3354.0,3126.5714285714284,4,17,11,0
2023-11-18,3034,3170.0,3013.0,3129.5714285714284,5,18,11,1
2023-11-19,3376,3034.0,3179.0,3157.714285714286,6,19,11,1
2023-11-20,3282,3376.0,2938.0,3206.8571428571427,0,20,11,0
2023-11-21,3275,3282.0,3220.0,3214.714285714286,1,21,11,0
2023-11-22,3050,3275.0,3063.0,3212.8571428571427,2,22,11,0
2023-11-23,3119,3050.0,3303.0,3186.5714285714284,3,23,11,0
2023-11-24,3307,3119.0,3170.0,3206.1428571428573,4,24,11,0
2023-11-25,3384,3307.0,3034.0,3256.1428571428573,5,25,11,1
2023-11-26,3434,3384.0,3376.0,3264.4285714285716,6,26,11,1
2023-11-27,3062,3434.0,3282.0,3233.0,0,27,11,0
2023-11-28,3364,3062.0,3275.0,3245.714285714286,1,28,11,0
2023-11-29,3370,3364.0,3050.0,3291.4285714285716,2,29,11,0
2023-11-30,3178,3370.0,3119.0,3299.8571428571427,3,30,11,0
2023-12-01,2981,3178.0,3307.0,3253.285714285714,4,1,12,0
2023-12-02,3206,2981.0,3384.0,3227.8571428571427,5,2,12,1
2023-12-03,3049,3206.0,3434.0,3172.8571428571427,6,3,12,1
2023-12-04,3160,3049.0,3062.0,3186.8571428571427,0,4,12,0
2023-12-05,3261,3160.0,3364.0,3172.1428571428573,1,5,12,0
2023-12-06,3186,3261.0,3370.0,3145.8571428571427,2,6,12,0
2023-12-07,3377,3186.0,3178.0,3174.285714285714,3,7,12,0
2023-12-08,2915,3377.0,2981.0,3164.8571428571427,4,8,12,0
2023-12-09,3089,2915.0,3206.0,3148.1428571428573,5,9,12,1
2023-12-10,3214,3089.0,3049.0,3171.714285714286,6,10,12,1
2023-12-11,3272,3214.0,3160.0,3187.714285714286,0,11,12,0
2023-12-12,3391,3272.0,3261.0,3206.285714285714,1,12,12,0
2023-12-13,3224,3391.0,3186.0,3211.714285714286,2,13,12,0
2023-12-14,3169,3224.0,3377.0,3182.0,3,14,12,0
2023-12-15,3174,3169.0,2915.0,3219.0,4,15,12,0
2023-12-16,3326,3174.0,3089.0,3252.8571428571427,5,16,12,1
2023-12-17,3269,3326.0,3214.0,3260.714285714286,6,17,12,1
2023-12-18,3510,3269.0,3272.0,3294.714285714286,0,18,12,0
2023-12-19,3184,3510.0,3391.0,3265.1428571428573,1,19,12,0
2023-12-20,3547,3184.0,3224.0,3311.285714285714,2,20,12,0
2023-12-21,3303,3547.0,3169.0,3330.4285714285716,3,21,12,0
2023-12-22,3064,3303.0,3174.0,3314.714285714286,4,22,12,0
2023-12-23,3146,3064.0,3326.0,3289.0,5,23,12,1
2023-12-24,3127,3146.0,3269.0,3268.714285714286,6,24,12,1
2023-12-25,3215,3127.0,3510.0,3226.5714285714284,0,25,12,0
2023-12-26,3379,3215.0,3184.0,3254.4285714285716,1,26,12,0
2023-12-27,2993,3379.0,3547.0,3175.285714285714,2,27,12,0
2023-12-28,3126,2993.0,3303.0,3150.0,3,28,12,0
2023-12-29,3276,3126.0,3064.0,3180.285714285714,4,29,12,0
2023-12-30,3088,3276.0,3146.0,3172.0,5,30,12,1
2023-12-31,3410,3088.0,3127.0,3212.4285714285716,6,31,12,1
2024-01-01,3048,3410.0,3215.0,3188.5714285714284,0,1,1,0
2024-01-02,3293,3048.0,3379.0,3176.285714285714,1,2,1,0
2024-01-03,3300,3293.0,2993.0,3220.1428571428573,2,3,1,0
2024-01-04,3209,3300.0,3126.0,3232.0,3,4,1,0
2024-01-05,3251,3209.0,3276.0,3228.4285714285716,4,5,1,0
2024-01-06,3325,3251.0,3088.0,3262.285714285714,5,6,1,1
2024-01-07,3309,3325.0,3410.0,3247.8571428571427,6,7,1,1
2024-01-08,3298,3309.0,3048.0,3283.5714285714284,0,8,1,0
2024-01-09,3034,3298.0,3293.0,3246.5714285714284,1,9,1,0
2024-01-10,3161,3034.0,3300.0,3226.714285714286,2,10,1,0
2024-01-11,3023,3161.0,3209.0,3200.1428571428573,3,11,1,0
2024-01-12,3293,3023.0,3251.0,3206.1428571428573,4,12,1,0
2024-01-13,3408,3293.0,3325.0,3218.0,5,13,1,1
2024-01-14,3284,3408.0,3309.0,3214.4285714285716,6,14,1,1
2024-01-15,2999,3284.0,3298.0,3171.714285714286,0,15,1,0
2024-01-16,3255,2999.0,3034.0,3203.285714285714,1,16,1,0
2024-01-17,3435,3255.0,3161.0,3242.4285714285716,2,17,1,0
2024-01-18,3257,3435.0,3023.0,3275.8571428571427,3,18,1,0
2024-01-19,3275,3257.0,3293.0,3273.285714285714,4,19,1,0
2024-01-20,3273,3275.0,3408.0,3254.0,5,20,1,1
2024-01-21,3487,3273.0,3284.0,3283.0,6,21,1,1
2024-01-22,3160,3487.0,2999.0,3306.0,0,22,1,0
2024-01-23,3321,3160.0,3255.0,3315.4285714285716,1,23,1,0
2024-01-24,3148,3321.0,3435.0,3274.4285714285716,2,24,1,0
2024-01-25,3199,3148.0,3257.0,3266.1428571428573,3,25,1,0
2024-01-26,3601,3199.0,3275.0,3312.714285714286,4,26,1,0
2024-01-27,3345,3601.0,3273.0,3323.0,5,27,1,1
2024-01-28,3176,3345.0,3487.0,3278.5714285714284,6,28,1,1
2024-01-29,3209,3176.0,3160.0,3285.5714285714284,0,29,1,0
2024-01-30,3162,3209.0,3321.0,3262.8571428571427,1,30,1,0
2024-01-31,3077,3162.0,3148.0,3252.714285714286,2,31,1,0
2024-02-01,3210,3077.0,3199.0,3254.285714285714,3,1,2,0
2024-02-02,3198,3210.0,3601.0,3196.714285714286,4,2,2,0
2024-02-03,3107,3198.0,3345.0,3162.714285714286,5,3,2,1
2024-02-04,3482,3107.0,3176.0,3206.4285714285716,6,4,2,1
2024-02-05,3213,3482.0,3209.0,3207.0,0,5,2,0
2024-02-06,3486,3213.0,3162.0,3253.285714285714,1,6,2,0
2024-02-07,3430,3486.0,3077.0,3303.714285714286,2,7,2,0
2024-02-08,3179,3430.0,3210.0,3299.285714285714,3,8,2,0
2024-02-09,3060,3179.0,3198.0,3279.5714285714284,4,9,2,0
2024-02-10,3414,3060.0,3107.0,3323.4285714285716,5,10,2,1
2024-02-11,3191,3414.0,3482.0,3281.8571428571427,6,11,2,1
2024-02-12,3361,3191.0,3213.0,3303.0,0,12,2,0
2024-02-13,3279,3361.0,3486.0,3273.4285714285716,1,13,2,0
2024-02-14,3255,3279.0,3430.0,3248.4285714285716,2,14,2,0
2024-02-15,3199,3255.0,3179.0,3251.285714285714,3,15,2,0
2024-02-16,3552,3199.0,3060.0,3321.5714285714284,4,16,2,0
2024-02-17,3404,3552.0,3414.0,3320.1428571428573,5,17,2,1
2024-02-18,3182,3404.0,3191.0,3318.8571428571427,6,18,2,1
2024-02-19,3193,3182.0,3361.0,3294.8571428571427,0,19,2,0
2024-02-20,3172,3193.0,3279.0,3279.5714285714284,1,20,2,0
2024-02-21,3092,3172.0,3255.0,3256.285714285714,2,21,2,0
2024-02-22,3275,3092.0,3199.0,3267.1428571428573,3,22,2,0
2024-02-23,3182,3275.0,3552.0,3214.285714285714,4,23,2,0
2024-02-24,3025,3182.0,3404.0,3160.1428571428573,5,24,2,1
2024-02-25,3405,3025.0,3182.0,3192.0,6,25,2,1
2024-02-26,2930,3405.0,3193.0,3154.4285714285716,0,26,2,0
2024-02-27,3069,2930.0,3172.0,3139.714285714286,1,27,2,0
2024-02-28,3099,3069.0,3092.0,3140.714285714286,2,28,2,0
2024-02-29,2972,3099.0,3275.0,3097.4285714285716,3,29,2,0
2024-03-01,3101,2972.0,3182.0,3085.8571428571427,4,1,3,0
2024-03-02,3415,3101.0,3025.0,3141.5714285714284,5,2,3,1
2024-03-03,3226,3415.0,3405.0,3116.0,6,3,3,1
2024-03-04,3136,3226.0,2930.0,3145.4285714285716,0,4,3,0
2024-03-05,3099,3136.0,3069.0,3149.714285714286,1,5,3,0
2024-03-06,3133,3099.0,3099.0,3154.5714285714284,2,6,3,0
2024-03-07,3187,3133.0,2972.0,3185.285714285714,3,7,3,0
2024-03-08,3616,3187.0,3101.0,3258.8571428571427,4,8,3,0
2024-03-09,3257,3616.0,3415.0,3236.285714285714,5,9,3,1
2024-03-10,3442,3257.0,3226.0,3267.1428571428573,6,10,3,1
2024-03-11,3202,3442.0,3136.0,3276.5714285714284,0,11,3,0
2024-03-12,3390,3202.0,3099.0,3318.1428571428573,1,12,3,0
2024-03-13,3091,3390.0,3133.0,3312.1428571428573,2,13,3,0
2024-03-14,3097,3091.0,3187.0,3299.285714285714,3,14,3,0
2024-03-15,3275,3097.0,3616.0,3250.5714285714284,4,15,3,0
2024-03-16,3456,3275.0,3257.0,3279.0,5,16,3,1
2024-03-17,3250,3456.0,3442.0,3251.5714285714284,6,17,3,1
2024-03-18,3239,3250.0,3202.0,3256.8571428571427,0,18,3,0
2024-03-19,3299,3239.0,3390.0,3243.8571428571427,1,19,3,0
2024-03-20,3020,3299.0,3091.0,3233.714285714286,2,20,3,0
2024-03-21,3332,3020.0,3097.0,3267.285714285714,3,21,3,0
2024-03-22,3301,3332.0,3275.0,3271.0,4,22,3,0
2024-03-23,3105,3301.0,3456.0,3220.8571428571427,5,23,3,1
2024-03-24,3264,3105.0,3250.0,3222.8571428571427,6,24,3,1
2024-03-25,3275,3264.0,3239.0,3228.0,0,25,3,0
2024-03-26,3322,3275.0,3299.0,3231.285714285714,1,26,3,0
2024-03-27,3161,3322.0,3020.0,3251.4285714285716,2,27,3,0
2024-03-28,3305,3161.0,3332.0,3247.5714285714284,3,28,3,0
2024-03-29,3442,3305.0,3301.0,3267.714285714286,4,29,3,0
2024-03-30,3199,3442.0,3105.0,3281.1428571428573,5,30,3,1
2024-03-31,3132,3199.0,3264.0,3262.285714285714,6,31,3,1
2024-04-01,3415,3132.0,3275.0,3282.285714285714,0,1,4,0
2024-04-02,3380,3415.0,3322.0,3290.5714285714284,1,2,4,0
2024-04-03,3432,3380.0,3161.0,3329.285714285714,2,3,4,0
2024-04-04,3250,3432.0,3305.0,3321.4285714285716,3,4,4,0
2024-04-05,3040,3250.0,3442.0,3264.0,4,5,4,0
2024-04-06,3119,3040.0,3199.0,3252.5714285714284,5,6,4,1
2024-04-07,3137,3119.0,3132.0,3253.285714285714,6,7,4,1
2024-04-08,3037,3137.0,3415.0,3199.285714285714,0,8,4,0
2024-04-09,3173,3037.0,3380.0,3169.714285714286,1,9,4,0
2024-04-10,3025,3173.0,3432.0,3111.5714285714284,2,10,4,0
2024-04-11,3574,3025.0,3250.0,3157.8571428571427,3,11,4,0
2024-04-12,3330,3574.0,3040.0,3199.285714285714,4,12,4,0
2024-04-13,3073,3330.0,3119.0,3192.714285714286,5,13,4,1
2024-04-14,3249,3073.0,3137.0,3208.714285714286,6,14,4,1
2024-04-15,3006,3249.0,3037.0,3204.285714285714,0,15,4,0
2024-04-16,3215,3006.0,3173.0,3210.285714285714,1,16,4,0
2024-04-17,3197,3215.0,3025.0,3234.8571428571427,2,17,4,0
2024-04-18,3237,3197.0,3574.0,3186.714285714286,3,18,4,0
2024-04-19,3339,3237.0,3330.0,3188.0,4,19,4,0
2024-04-20,3024,3339.0,3073.0,3181.0,5,20,4,1
2024-04-21,3183,3024.0,3249.0,3171.5714285714284,6,21,4,1
2024-04-22,3217,3183.0,3006.0,3201.714285714286,0,22,4,0
2024-04-23,3216,3217.0,3215.0,3201.8571428571427,1,23,4,0
2024-04-24,3419,3216.0,3197.0,3233.5714285714284,2,24,4,0
2024-04-25,3159,3419.0,3237.0,3222.4285714285716,3,25,4,0
2024-04-26,3112,3159.0,3339.0,3190.0,4,26,4,0
2024-04-27,3208,3112.0,3024.0,3216.285714285714,5,27,4,1
2024-04-28,3230,3208.0,3183.0,3223.0,6,28,4,1
2024-04-29,3304,3230.0,3217.0,3235.4285714285716,0,29,4,0
2024-04-30,3099,3304.0,3216.0,3218.714285714286,1,30,4,0
2024-05-01,3321,3099.0,3419.0,3204.714285714286,2,1,5,0
2024-05-02,3138,3321.0,3159.0,3201.714285714286,3,2,5,0
2024-05-03,3290,3138.0,3112.0,3227.1428571428573,4,3,5,0
2024-05-04,3281,3290.0,3208.0,3237.5714285714284,5,4,5,1
2024-05-05,3231,3281.0,3230.0,3237.714285714286,6,5,5,1
2024-05-06,3035,3231.0,3304.0,3199.285714285714,0,6,5,0
2024-05-07,3164,3035.0,3099.0,3208.5714285714284,1,7,5,0
2024-05-08,3121,3164.0,3321.0,3180.0,2,8,5,0
2024-05-09,3094,3121.0,3138.0,3173.714285714286,3,9,5,0
2024-05-10,3200,3094.0,3290.0,3160.8571428571427,4,10,5,0
2024-05-11,3232,3200.0,3281.0,3153.8571428571427,5,11,5,1
2024-05-12,3237,3232.0,3231.0,3154.714285714286,6,12,5,1
2024-05-13,3289,3237.0,3035.0,3191.0,0,13,5,0
2024-05-14,3403,3289.0,3164.0,3225.1428571428573,1,14,5,0
2024-05-15,3174,3403.0,3121.0,3232.714285714286,2,15,5,0
2024-05-16,3225,3174.0,3094.0,3251.4285714285716,3,16,5,0
2024-05-17,3139,3225.0,3200.0,3242.714285714286,4,17,5,0
2024-05-18,3171,3139.0,3232.0,3234.0,5,18,5,1
2024-05-19,3333,3171.0,3237.0,3247.714285714286,6,19,5,1
2024-05-20,3156,3333.0,3289.0,3228.714285714286,0,20,5,0
2024-05-21,3420,3156.0,3403.0,3231.1428571428573,1,21,5,0
2024-05-22,3114,3420.0,3174.0,3222.5714285714284,2,22,5,0
2024-05-23,2978,3114.0,3225.0,3187.285714285714,3,23,5,0
2024-05-24,2949,2978.0,3139.0,3160.1428571428573,4,24,5,0
2024-05-25,2917,2949.0,3171.0,3123.8571428571427,5,25,5,1
2024-05-26,3103,2917.0,3333.0,3091.0,6,26,5,1
2024-05-27,3331,3103.0,3156.0,3116.0,0,27,5,0
2024-05-28,3112,3331.0,3420.0,3072.0,1,28,5,0
2024-05-29,3138,3112.0,3114.0,3075.4285714285716,2,29,5,0
2024-05-30,2964,3138.0,2978.0,3073.4285714285716,3,30,5,0
2024-05-31,3080,2964.0,2949.0,3092.1428571428573,4,31,5,0
2024-06-01,3231,3080.0,2917.0,3137.0,5,1,6,1
2024-06-02,2983,3231.0,3103.0,3119.8571428571427,6,2,6,1
2024-06-03,3294,2983.0,3331.0,3114.5714285714284,0,3,6,0
2024-06-04,3323,3294.0,3112.0,3144.714285714286,1,4,6,0
2024-06-05,3021,3323.0,3138.0,3128.0,2,5,6,0
2024-06-06,3046,3021.0,2964.0,3139.714285714286,3,6,6,0
2024-06-07,3028,3046.0,3080.0,3132.285714285714,4,7,6,0
2024-06-08,3222,3028.0,3231.0,3131.0,5,8,6,1
2024-06-09,3078,3222.0,2983.0,3144.5714285714284,6,9,6,1
2024-06-10,3050,3078.0,3294.0,3109.714285714286,0,10,6,0
2024-06-11,3361,3050.0,3323.0,3115.1428571428573,1,11,6,0
2024-06-12,3418,3361.0,3021.0,3171.8571428571427,2,12,6,0
2024-06-13,2929,3418.0,3046.0,3155.1428571428573,3,13,6,0
2024-06-14,3171,2929.0,3028.0,3175.5714285714284,4,14,6,0
2024-06-15,3104,3171.0,3222.0,3158.714285714286,5,15,6,1
2024-06-16,3122,3104.0,3078.0,3165.0,6,16,6,1
2024-06-17,2976,3122.0,3050.0,3154.4285714285716,0,17,6,0
2024-06-18,3226,2976.0,3361.0,3135.1428571428573,1,18,6,0
2024-06-19,3021,3226.0,3418.0,3078.4285714285716,2,19,6,0
2024-06-20,3002,3021.0,2929.0,3088.8571428571427,3,20,6,0
2024-06-21,3199,3002.0,3171.0,3092.8571428571427,4,21,6,0
2024-06-22,3515,3199.0,3104.0,3151.5714285714284,5,22,6,1
2024-06-23,3225,3515.0,3122.0,3166.285714285714,6,23,6,1
2024-06-24,3434,3225.0,2976.0,3231.714285714286,0,24,6,0
2024-06-25,3266,3434.0,3226.0,3237.4285714285716,1,25,6,0
2024-06-26,3180,3266.0,3021.0,3260.1428571428573,2,26,6,0
2024-06-27,3346,3180.0,3002.0,3309.285714285714,3,27,6,0
2024-06-28,3212,3346.0,3199.0,3311.1428571428573,4,28,6,0
2024-06-29,3404,3212.0,3515.0,3295.285714285714,5,29,6,1
2024-06-30,2968,3404.0,3225.0,3258.5714285714284,6,30,6,1
2024-07-01,3355,2968.0,3434.0,3247.285714285714,0,1,7,0
2024-07-02,3295,3355.0,3266.0,3251.4285714285716,1,2,7,0
2024-07-03,3313,3295.0,3180.0,3270.4285714285716,2,3,7,0
2024-07-04,2997,3313.0,3346.0,3220.5714285714284,3,4,7,0
2024-07-05,3272,2997.0,3212.0,3229.1428571428573,4,5,7,0
2024-07-06,2903,3272.0,3404.0,3157.5714285714284,5,6,7,1
2024-07-07,3344,2903.0,2968.0,3211.285714285714,6,7,7,1
2024-07-08,3259,3344.0,3355.0,3197.5714285714284,0,8,7,0
2024-07-09,3331,3259.0,3295.0,3202.714285714286,1,9,7,0
2024-07-10,3120,3331.0,3313.0,3175.1428571428573,2,10,7,0
2024-07-11,3179,3120.0,2997.0,3201.1428571428573,3,11,7,0
2024-07-12,3182,3179.0,3272.0,3188.285714285714,4,12,7,0
2024-07-13,3385,3182.0,2903.0,3257.1428571428573,5,13,7,1
2024-07-14,3145,3385.0,3344.0,3228.714285714286,6,14,7,1
2024-07-15,3065,3145.0,3259.0,3201.0,0,15,7,0
2024-07-16,3263,3065.0,3331.0,3191.285714285714,1,16,7,0
2024-07-17,3261,3263.0,3120.0,3211.4285714285716,2,17,7,0
2024-07-18,3330,3261.0,3179.0,3233.0,3,18,7,0
2024-07-19,3131,3330.0,3182.0,3225.714285714286,4,19,7,0
2024-07-20,3249,3131.0,3385.0,3206.285714285714,5,20,7,1
2024-07-21,3337,3249.0,3145.0,3233.714285714286,6,21,7,1
2024-07-22,2948,3337.0,3065.0,3217.0,0,22,7,0
2024-07-23,3309,2948.0,3263.0,3223.5714285714284,1,23,7,0
2024-07-24,3135,3309.0,3261.0,3205.5714285714284,2,24,7,0
2024-07-25,3048,3135.0,3330.0,3165.285714285714,3,25,7,0
2024-07-26,3192,3048.0,3131.0,3174.0,4,26,7,0
2024-07-27,3229,3192.0,3249.0,3171.1428571428573,5,27,7,1
2024-07-28,3277,3229.0,3337.0,3162.5714285714284,6,28,7,1
2024-07-29,3053,3277.0,2948.0,3177.5714285714284,0,29,7,0
2024-07-30,3372,3053.0,3309.0,3186.5714285714284,1,30,7,0
2024-07-31,3221,3372.0,3135.0,3198.8571428571427,2,31,7,0
2024-08-01,3011,3221.0,3048.0,3193.5714285714284,3,1,8,0
2024-08-02,3080,3011.0,3192.0,3177.5714285714284,4,2,8,0
2024-08-03,3164,3080.0,3229.0,3168.285714285714,5,3,8,1
2024-08-04,3278,3164.0,3277.0,3168.4285714285716,6,4,8,1
2024-08-05,3330,3278.0,3053.0,3208.0,0,5,8,0
2024-08-06,3378,3330.0,3372.0,3208.8571428571427,1,6,8,0
2024-08-07,3303,3378.0,3221.0,3220.5714285714284,2,7,8,0
2024-08-08,3342,3303.0,3011.0,3267.8571428571427,3,8,8,0
2024-08-09,3007,3342.0,3080.0,3257.4285714285716,4,9,8,0
2024-08-10,3171,3007.0,3164.0,3258.4285714285716,5,10,8,1
2024-08-11,3100,3171.0,3278.0,3233.0,6,11,8,1
2024-08-12,3279,3100.0,3330.0,3225.714285714286,0,12,8,0
2024-08-13,3143,3279.0,3378.0,3192.1428571428573,1,13,8,0
2024-08-14,3087,3143.0,3303.0,3161.285714285714,2,14,8,0
2024-08-15,3240,3087.0,3342.0,3146.714285714286,3,15,8,0
2024-08-16,3168,3240.0,3007.0,3169.714285714286,4,16,8,0
2024-08-17,3247,3168.0,3171.0,3180.5714285714284,5,17,8,1
2024-08-18,3413,3247.0,3100.0,3225.285714285714,6,18,8,1
2024-08-19,3431,3413.0,3279.0,3247.0,0,19,8,0
2024-08-20,3118,3431.0,3143.0,3243.4285714285716,1,20,8,0
2024-08-21,2938,3118.0,3087.0,3222.1428571428573,2,21,8,0
2024-08-22,3029,2938.0,3240.0,3192.0,3,22,8,0
2024-08-23,3088,3029.0,3168.0,3180.5714285714284,4,23,8,0
2024-08-24,3435,3088.0,3247.0,3207.4285714285716,5,24,8,1
2024-08-25,3426,3435.0,3413.0,3209.285714285714,6,25,8,1
2024-08-26,3148,3426.0,3431.0,3168.8571428571427,0,26,8,0
2024-08-27,2989,3148.0,3118.0,3150.4285714285716,1,27,8,0
2024-08-28,3246,2989.0,2938.0,3194.4285714285716,2,28,8,0
2024-08-29,3208,3246.0,3029.0,3220.0,3,29,8,0
2024-08-30,3291,3208.0,3088.0,3249.0,4,30,8,0
2024-08-31,3113,3291.0,3435.0,3203.0,5,31,8,1
2024-09-01,3238,3113.0,3426.0,3176.1428571428573,6,1,9,1
2024-09-02,3206,3238.0,3148.0,3184.4285714285716,0,2,9,0
2024-09-03,3129,3206.0,2989.0,3204.4285714285716,1,3,9,0
2024-09-04,3252,3129.0,3246.0,3205.285714285714,2,4,9,0
2024-09-05,3192,3252.0,3208.0,3203.0,3,5,9,0
2024-09-06,3193,3192.0,3291.0,3189.0,4,6,9,0
2024-09-07,3454,3193.0,3113.0,3237.714285714286,5,7,9,1
2024-09-08,3202,3454.0,3238.0,3232.5714285714284,6,8,9,1
2024-09-09,3382,3202.0,3206.0,3257.714285714286,0,9,9,0
2024-09-10,3254,3382.0,3129.0,3275.5714285714284,1,10,9,0
2024-09-11,3253,3254.0,3252.0,3275.714285714286,2,11,9,0
2024-09-12,3308,3253.0,3192.0,3292.285714285714,3,12,9,0
2024-09-13,3426,3308.0,3193.0,3325.5714285714284,4,13,9,0
2024-09-14,3549,3426.0,3454.0,3339.1428571428573,5,14,9,1
2024-09-15,3134,3549.0,3202.0,3329.4285714285716,6,15,9,1
2024-09-16,2905,3134.0,3382.0,3261.285714285714,0,16,9,0
2024-09-17,3212,2905.0,3254.0,3255.285714285714,1,17,9,0
2024-09-18,3351,3212.0,3253.0,3269.285714285714,2,18,9,0
2024-09-19,3120,3351.0,3308.0,3242.4285714285716,3,19,9,0
2024-09-20,3424,3120.0,3426.0,3242.1428571428573,4,20,9,0
2024-09-21,3110,3424.0,3549.0,3179.4285714285716,5,21,9,1
2024-09-22,3161,3110.0,3134.0,3183.285714285714,6,22,9,1
2024-09-23,3175,3161.0,2905.0,3221.8571428571427,0,23,9,0
2024-09-24,3194,3175.0,3212.0,3219.285714285714,1,24,9,0
2024-09-25,3281,3194.0,3351.0,3209.285714285714,2,25,9,0
2024-09-26,3384,3281.0,3120.0,3247.0,3,26,9,0
2024-09-27,3138,3384.0,3424.0,3206.1428571428573,4,27,9,0
2024-09-28,3220,3138.0,3110.0,3221.8571428571427,5,28,9,1
2024-09-29,3299,3220.0,3161.0,3241.5714285714284,6,29,9,1
2024-09-30,3441,3299.0,3175.0,3279.5714285714284,0,30,9,0
2024-10-01,3374,3441.0,3194.0,3305.285714285714,1,1,10,0
2024-10-02,3075,3374.0,3281.0,3275.8571428571427,2,2,10,0
2024-10-03,3107,3075.0,3384.0,3236.285714285714,3,3,10,0
2024-10-04,3305,3107.0,3138.0,3260.1428571428573,4,4,10,0
2024-10-05,3224,3305.0,3220.0,3260.714285714286,5,5,10,1
2024-10-06,3320,3224.0,3299.0,3263.714285714286,6,6,10,1
2024-10-07,3424,3320.0,3441.0,3261.285714285714,0,7,10,0
2024-10-08,3376,3424.0,3374.0,3261.5714285714284,1,8,10,0
2024-10-09,2894,3376.0,3075.0,3235.714285714286,2,9,10,0
2024-10-10,3214,2894.0,3107.0,3251.0,3,10,10,0
2024-10-11,3408,3214.0,3305.0,3265.714285714286,4,11,10,0
2024-10-12,3130,3408.0,3224.0,3252.285714285714,5,12,10,1
2024-10-13,3238,3130.0,3320.0,3240.5714285714284,6,13,10,1
2024-10-14,3202,3238.0,3424.0,3208.8571428571427,0,14,10,0
2024-10-15,3392,3202.0,3376.0,3211.1428571428573,1,15,10,0
2024-10-16,3228,3392.0,2894.0,3258.8571428571427,2,16,10,0
2024-10-17,3299,3228.0,3214.0,3271.0,3,17,10,0
2024-10-18,3297,3299.0,3408.0,3255.1428571428573,4,18,10,0
2024-10-19,3339,3297.0,3130.0,3285.0,5,19,10,1
2024-10-20,3219,3339.0,3238.0,3282.285714285714,6,20,10,1
2024-10-21,3290,3219.0,3202.0,3294.8571428571427,0,21,10,0
2024-10-22,3139,3290.0,3392.0,3258.714285714286,1,22,10,0
2024-10-23,3593,3139.0,3228.0,3310.8571428571427,2,23,10,0
2024-10-24,3384,3593.0,3299.0,3323.0,3,24,10,0
2024-10-25,3142,3384.0,3297.0,3300.8571428571427,4,25,10,0
2024-10-26,3316,3142.0,3339.0,3297.5714285714284,5,26,10,1
2024-10-27,3403,3316.0,3219.0,3323.8571428571427,6,27,10,1
2024-10-28,3276,3403.0,3290.0,3321.8571428571427,0,28,10,0
2024-10-29,3063,3276.0,3139.0,3311.0,1,29,10,0
2024-10-30,3466,3063.0,3593.0,3292.8571428571427,2,30,10,0
2024-10-31,3208,3466.0,3384.0,3267.714285714286,3,31,10,0
2024-11-01,3350,3208.0,3142.0,3297.4285714285716,4,1,11,0
2024-11-02,2983,3350.0,3316.0,3249.8571428571427,5,2,11,1
2024-11-03,3333,2983.0,3403.0,3239.8571428571427,6,3,11,1
2024-11-04,3160,3333.0,3276.0,3223.285714285714,0,4,11,0
2024-11-05,3422,3160.0,3063.0,3274.5714285714284,1,5,11,0
2024-11-06,3382,3422.0,3466.0,3262.5714285714284,2,6,11,0
2024-11-07,3263,3382.0,3208.0,3270.4285714285716,3,7,11,0
2024-11-08,3169,3263.0,3350.0,3244.5714285714284,4,8,11,0
2024-11-09,3004,3169.0,2983.0,3247.5714285714284,5,9,11,1
2024-11-10,3430,3004.0,3333.0,3261.4285714285716,6,10,11,1
2024-11-11,3184,3430.0,3160.0,3264.8571428571427,0,11,11,0
2024-11-12,3144,3184.0,3422.0,3225.1428571428573,1,12,11,0
